wavelength,n
0.0309963,0.916664002283
0.0310678,0.916221490956
0.0311394,0.91577684292
0.0312112,0.915330049835
0.0312831,0.914881099934
0.0313552,0.914429979961
0.0314275,0.913976680092
0.0315,0.913521187736
0.0315726,0.91306349312
0.0316453,0.912603583029
0.0317183,0.912141444214
0.0317914,0.91167706945
0.0318647,0.911210441866
0.0319382,0.910741552922
0.0320118,0.910270388413
0.0320856,0.909796937704
0.0321595,0.909324314541
0.0322337,0.908844596134
0.032308,0.908360215811
0.0323825,0.907882846038
0.0324571,0.907392721074
0.0325319,0.906909362145
0.0326069,0.906420484856
0.0326821,0.905925303139
0.0327574,0.905428697089
0.0328329,0.904935848124
0.0329086,0.904434970507
0.0329845,0.903933393225
0.0330605,0.903429871801
0.0331367,0.902921680651
0.0332131,0.902412205145
0.0332897,0.90189900028
0.0333664,0.901385090715
0.0334434,0.900869169639
0.0335205,0.900352161785
0.0335977,0.899829295327
0.0336752,0.899306631623
0.0337528,0.898778774311
0.0338306,0.898249238968
0.0339086,0.897713789934
0.0339868,0.897183591183
0.0340651,0.89664181983
0.0341436,0.896101118955
0.0342224,0.895560638712
0.0343012,0.895032216441
0.0343803,0.894466303246
0.0344596,0.893918228013
0.034539,0.893369398419
0.0346186,0.892800122134
0.0346984,0.892262443597
0.0347784,0.891683504979
0.0348586,0.891143379806
0.034939,0.890568925039
0.0350195,0.890004036767
0.0351002,0.889432790414
0.0351811,0.88884493403
0.0352622,0.888274171429
0.0353435,0.887697262903
0.035425,0.88709897989
0.0355067,0.886501406268
0.0355885,0.885915192794
0.0356706,0.885322573568
0.0357528,0.884724793373
0.0358352,0.884139303776
0.0359178,0.883541466403
0.0360006,0.88292973592
0.0360836,0.882296389283
0.0361668,0.881723634809
0.0362502,0.881074644121
0.0363337,0.880478469827
0.0364175,0.879848342723
0.0365014,0.879238283537
0.0365856,0.878617443475
0.0366699,0.877990231976
0.0367544,0.877349455472
0.0368392,0.876724884534
0.0369241,0.876057808543
0.0370092,0.875440466337
0.0370945,0.874781939998
0.03718,0.874150230999
0.0372658,0.873496012141
0.0373517,0.87285164308
0.0374378,0.872175077746
0.0375241,0.871523039792
0.0376106,0.870844949378
0.0376973,0.870172827562
0.0377842,0.869507933438
0.0378713,0.86883791507
0.0379586,0.868159238722
0.0380461,0.867467616725
0.0381338,0.866796772108
0.0382217,0.866109019466
0.0383098,0.865416029158
0.0383981,0.864721962855
0.0384866,0.864020259672
0.0385754,0.863313762142
0.0386643,0.862588111499
0.0387534,0.861907102789
0.0388427,0.861184583597
0.0389323,0.860461550282
0.039022,0.859752439731
0.039112,0.859028395677
0.0392021,0.858284865431
0.0392925,0.857561119868
0.0393831,0.85681413263
0.0394739,0.856089339215
0.0395649,0.855346194299
0.0396561,0.854585171732
0.0397475,0.853847414864
0.0398391,0.853086269631
0.039931,0.852327196954
0.040023,0.85156659956
0.0401153,0.850798561985
0.0402078,0.850040526213
0.0403004,0.849264318088
0.0403934,0.848484581792
0.0404865,0.847703300478
0.0405798,0.8469078315
0.0406733,0.846135020126
0.0407671,0.845328724217
0.0408611,0.844545030123
0.0409553,0.843732746158
0.0410497,0.842928513957
0.0411443,0.842111767429
0.0412392,0.841290509447
0.0413342,0.840484276869
0.0414295,0.839656820796
0.041525,0.838827305462
0.0416207,0.838003261221
0.0417167,0.837166762535
0.0418129,0.83631425235
0.0419092,0.835472314239
0.0420059,0.834635424704
0.0421027,0.833771805057
0.0421998,0.832920763631
0.042297,0.832053121997
0.0423945,0.831186331996
0.0424923,0.83032463321
0.0425902,0.829447699622
0.0426884,0.828556833654
0.0427868,0.827678295802
0.0428854,0.826780215934
0.0429843,0.825888217296
0.0430834,0.824985183781
0.0431827,0.824088170549
0.0432823,0.823177025875
0.043382,0.822246880243
0.043482,0.821354483345
0.0435823,0.820418666185
0.0436827,0.819488646142
0.0437834,0.81855875933
0.0438844,0.817616890405
0.0439855,0.816676390013
0.0440869,0.815727861267
0.0441886,0.814775358706
0.0442904,0.81382003701
0.0443925,0.812856831253
0.0444949,0.811891334313
0.0445974,0.810912649548
0.0447002,0.809931705261
0.0448033,0.808938830362
0.0449066,0.807958363575
0.0450101,0.806518735572
0.0451138,0.805835839407
0.0452178,0.80527635741
0.0453221,0.803672109564
0.0454266,0.803157222708
0.0455313,0.801937049171
0.0456362,0.800623142949
0.0457414,0.799867839936
0.0458469,0.798658812597
0.0459526,0.797928858425
0.0460585,0.796686974043
0.0461647,0.795321727521
0.0462711,0.794610428469
0.0463778,0.793577353501
0.0464847,0.792256278515
0.0465918,0.791501719558
0.0466992,0.790210186897
0.0468069,0.788854995164
0.0469148,0.78804967948
0.047023,0.786711306034
0.0471313,0.785744178706
0.04724,0.784782541923
0.0473489,0.783475745627
0.047458,0.782459999072
0.0475675,0.781371889766
0.0476771,0.780013337771
0.047787,0.779311773164
0.0478972,0.777737628163
0.0480076,0.776770941792
0.0481183,0.775425125633
0.0482292,0.774598147317
0.0483404,0.773438933518
0.0484518,0.772107050757
0.0485635,0.770605532454
0.0486754,0.769951771848
0.0487876,0.767970415733
0.0489001,0.766805033945
0.0490128,0.765790431511
0.0491258,0.764958962497
0.0492391,0.763548031821
0.0493526,0.762754508001
0.0494664,0.761254165502
0.0495804,0.759877230488
0.0496947,0.758350927221
0.0498092,0.757177702211
0.0499241,0.755880276738
0.0500391,0.754706247332
0.0501545,0.753516148781
0.0502701,0.751893421835
0.050386,0.750899390036
0.0505022,0.749082220672
0.0506186,0.748310843489
0.0507353,0.746829912434
0.0508522,0.745565923344
0.0509694,0.743997324548
0.0510869,0.743178093765
0.0512047,0.741499921461
0.0513227,0.740176181202
0.0514411,0.73827384105
0.0515596,0.737294402923
0.0516785,0.736184871464
0.0517976,0.734437948792
0.051917,0.733179752494
0.0520367,0.732099197302
0.0521567,0.730123324577
0.0522769,0.728639361068
0.0523974,0.72704655561
0.0525182,0.726083760064
0.0526393,0.724170158274
0.0527606,0.722656826206
0.0528822,0.721138738662
0.0530042,0.719602816536
0.0531263,0.718306073714
0.0532488,0.716743654756
0.0533716,0.715425522413
0.0534946,0.71383275394
0.0536179,0.712093069564
0.0537415,0.710283380425
0.0538654,0.709282936386
0.0539896,0.707240426733
0.054114,0.70575390556
0.0542388,0.704044309368
0.0543638,0.702552960694
0.0544891,0.70100923775
0.0546147,0.699540640069
0.0547406,0.697618929984
0.0548668,0.69602459192
0.0549933,0.694624676781
0.0551201,0.692431160777
0.0552471,0.691018515195
0.0553745,0.689200989794
0.0555022,0.687455206346
0.0556301,0.685697635601
0.0557583,0.684140306132
0.0558869,0.682732610489
0.0560157,0.680336805793
0.0561448,0.678974274523
0.0562743,0.677373011077
0.056404,0.675485401446
0.056534,0.673269787594
0.0566643,0.671746935176
0.056795,0.669871448785
0.0569259,0.668008931941
0.0570571,0.665887893893
0.0571887,0.664476304842
0.0573205,0.662215129701
0.0574526,0.659938335868
0.0575851,0.658643850055
0.0577178,0.656454905832
0.0578509,0.654478322337
0.0579842,0.652544106958
0.0581179,0.650525773963
0.0582519,0.648040840912
0.0583862,0.646693961428
0.0585207,0.644234578265
0.0586557,0.642542831575
0.0587909,0.640004100911
0.0589264,0.638039870918
0.0590622,0.636209321746
0.0591984,0.633609639006
0.0593349,0.631512784702
0.0594716,0.629451710406
0.0596087,0.627308996177
0.0597461,0.62517399712
0.0598839,0.623022660978
0.0600219,0.620678756393
0.0601603,0.618281033048
0.060299,0.615780817069
0.060438,0.613749058215
0.0605773,0.611073995326
0.0607169,0.608837149235
0.0608569,0.606402443131
0.0609972,0.604013877384
0.0611378,0.601596677499
0.0612787,0.599096132554
0.06142,0.596732541915
0.0615616,0.593968176658
0.0617035,0.591151667294
0.0618458,0.588845449185
0.0619883,0.58607109603
0.0621312,0.583339565393
0.0622744,0.580491136838
0.062418,0.577774467044
0.0625619,0.575119756573
0.0627061,0.572539199704
0.0628507,0.56943726679
0.0629956,0.566564708535
0.0631408,0.563563090362
0.0632863,0.560365467884
0.0634322,0.557567668145
0.0635784,0.554345806096
0.063725,0.551529848434
0.0638719,0.548354947785
0.0640191,0.545095925105
0.0641667,0.541654031344
0.0643146,0.538691059157
0.0644629,0.535224785685
0.0646115,0.531963915857
0.0647605,0.528385962797
0.0649097,0.524807748486
0.0650594,0.521665809841
0.0652094,0.518434267845
0.0653597,0.514887045224
0.0655103,0.511289686538
0.0656614,0.508030678532
0.0658127,0.504744546056
0.0659644,0.501541569109
0.0661165,0.498374450917
0.0662689,0.495011222602
0.0664217,0.491809885655
0.0665748,0.488912309621
0.0667283,0.48587821629
0.0668821,0.48302022779
0.0670363,0.480137353737
0.0671908,0.47729657851
0.0673457,0.474856853663
0.0675009,0.472093622898
0.0676566,0.469334373157
0.0678125,0.466911066068
0.0679688,0.464828645472
0.0681255,0.462526845944
0.0682826,0.460404511041
0.06844,0.457975558679
0.0685978,0.455832292472
0.0687559,0.453729704285
0.0689144,0.451646956777
0.0690732,0.449699138564
0.0692325,0.447415057287
0.0693921,0.44556093053
0.069552,0.443329362672
0.0697124,0.441103465465
0.0698731,0.438900842356
0.0700342,0.436696919472
0.0701956,0.434535120789
0.0703574,0.432296345388
0.0705196,0.43010885917
0.0706822,0.427796526639
0.0708451,0.425140241465
0.0710084,0.422917143059
0.0711721,0.420231102988
0.0713362,0.417595205572
0.0715006,0.415098972219
0.0716655,0.412454553191
0.0718307,0.409817579735
0.0719963,0.407139353825
0.0721622,0.404346779276
0.0723286,0.401330707125
0.0724953,0.398629598384
0.0726624,0.395754271432
0.0728299,0.392905852085
0.0729978,0.389848071984
0.0731661,0.386855963463
0.0733348,0.383798552031
0.0735038,0.380913822819
0.0736733,0.377563610053
0.0738431,0.374727710678
0.0740133,0.371582534963
0.0741839,0.3683264737
0.0743549,0.365286447708
0.0745264,0.362343767047
0.0746982,0.358990302373
0.0748704,0.355886571832
0.0750429,0.352853256617
0.0752159,0.349539512328
0.0753893,0.346433387094
0.0755631,0.343246818053
0.0757373,0.340395158094
0.0759119,0.337366695647
0.0760869,0.334168139939
0.0762623,0.331003965515
0.0764381,0.327980029317
0.0766143,0.325008467991
0.0767909,0.322228549992
0.0769679,0.319057658796
0.0771454,0.316173801975
0.0773232,0.313242760595
0.0775015,0.310403082921
0.0776801,0.307641895539
0.0778592,0.304842008495
0.0780387,0.302226266253
0.0782186,0.299429814235
0.0783989,0.296895018606
0.0785796,0.294344972833
0.0787608,0.291714045277
0.0789423,0.289305623524
0.0791243,0.286903650906
0.0793067,0.284498980667
0.0794895,0.282176089412
0.0796728,0.280056813587
0.0798564,0.277895387508
0.0800405,0.275847776482
0.080225,0.273763004252
0.08041,0.271781783973
0.0805953,0.269928463502
0.0807811,0.268061056149
0.0809673,0.26638785832
0.081154,0.264662721187
0.0813411,0.263082336821
0.0815286,0.261627359369
0.0817165,0.260242508126
0.0819049,0.258787077746
0.0820937,0.257564297925
0.082283,0.256284577999
0.0824726,0.255081523372
0.0826628,0.253967905581
0.0828533,0.252901678947
0.0830443,0.251893427017
0.0832357,0.250992189902
0.0834276,0.250162231888
0.0836199,0.249263667985
0.0838127,0.248434455192
0.0840059,0.247719112188
0.0841996,0.247052792064
0.0843937,0.246397406855
0.0845882,0.245720314561
0.0847832,0.245163701074
0.0849787,0.244667713812
0.0851746,0.244072478278
0.0853709,0.243649227038
0.0855677,0.243234435622
0.085765,0.242740612511
0.0859627,0.242293554429
0.0861608,0.241907938436
0.0863595,0.241504198448
0.0865585,0.241117850836
0.0867581,0.24069406446
0.0869581,0.240298137674
0.0871585,0.239837512116
0.0873594,0.239394018827
0.0875608,0.23891256707
0.0877627,0.238376202361
0.087965,0.237866024038
0.0881678,0.237249818518
0.088371,0.236641770145
0.0885747,0.236068711465
0.0887789,0.235371157265
0.0889836,0.234745053184
0.0891887,0.233998189479
0.0893943,0.23331593585
0.0896004,0.232623972989
0.0898069,0.231863316024
0.090014,0.231140835435
0.0902215,0.230448406933
0.0904294,0.229733928304
0.0906379,0.229022526097
0.0908469,0.228376142045
0.0910563,0.227738836397
0.0912662,0.227151402914
0.0914766,0.226552872587
0.0916874,0.226044397985
0.0918988,0.225563038958
0.0921107,0.225134539107
0.092323,0.224756467897
0.0925358,0.224430025991
0.0927491,0.224194499832
0.0929629,0.22398451216
0.0931772,0.223830711701
0.093392,0.223750386388
0.0936073,0.223725881016
0.0938231,0.223752272152
0.0940394,0.223825050509
0.0942562,0.223970471358
0.0944735,0.224164417734
0.0946913,0.224428426331
0.0949095,0.224716933797
0.0951283,0.225076633313
0.0953476,0.225457776299
0.0955674,0.225905680153
0.0957877,0.226377467589
0.0960085,0.226896072502
0.0962299,0.227435064864
0.0964517,0.22801407679
0.096674,0.228638253132
0.0968969,0.22928636081
0.0971203,0.229948770512
0.0973442,0.230659232314
0.0975686,0.231377773839
0.0977935,0.232124631825
0.0980189,0.232889738755
0.0982449,0.233670720465
0.0984713,0.234473233079
0.0986983,0.235294409088
0.0989259,0.236135677788
0.0991539,0.236973090797
0.0993825,0.237829761544
0.0996116,0.23872575971
0.0998412,0.239600632616
0.100071,0.240509383043
0.100302,0.241425276278
0.100533,0.242330976298
0.100765,0.243272241443
0.100997,0.244225687462
0.10123,0.245181924542
0.101464,0.246145243546
0.101697,0.247113614585
0.101932,0.248111238976
0.102167,0.249113509322
0.102402,0.250115893868
0.102638,0.251142376882
0.102875,0.252180706789
0.103112,0.253229006171
0.10335,0.254292474534
0.103588,0.255367533706
0.103827,0.25645526508
0.104066,0.257556180482
0.104306,0.258665732951
0.104547,0.25979844503
0.104788,0.260949968372
0.105029,0.262118861247
0.105271,0.263297961951
0.105514,0.26448597488
0.105757,0.265708359717
0.106001,0.266936779176
0.106245,0.268186831492
0.10649,0.269464545808
0.106736,0.27075836333
0.106982,0.272065724826
0.107228,0.273405678293
0.107476,0.274764845363
0.107723,0.276149976524
0.107972,0.277558386377
0.108221,0.278987644521
0.10847,0.280453526838
0.10872,0.281943324915
0.108971,0.283466512196
0.109222,0.285013776694
0.109474,0.286602008789
0.109726,0.28822636274
0.109979,0.289886228243
0.110233,0.291591317282
0.110487,0.29333250547
0.110741,0.29512004928
0.110997,0.29695327928
0.111253,0.298844349344
0.111509,0.300797520647
0.111766,0.302790280369
0.112024,0.304870215588
0.112282,0.307005377623
0.112541,0.309221701023
0.1128,0.3115124361
0.11306,0.313877493297
0.113321,0.316338155548
0.113582,0.318883565051
0.113844,0.321525610216
0.114106,0.324280658614
0.114369,0.327125400502
0.114633,0.330081587596
0.114897,0.333147839067
0.115162,0.336325320724
0.115428,0.339613696263
0.115694,0.343025372988
0.11596,0.346535619069
0.116228,0.350158711132
0.116496,0.353887045613
0.116764,0.35769735333
0.117033,0.361598987131
0.117303,0.36557350796
0.117574,0.369603632301
0.117845,0.37368387108
0.118116,0.377776110215
0.118389,0.381884480015
0.118662,0.385968430541
0.118935,0.390021824635
0.119209,0.394006478255
0.119484,0.397908483061
0.119759,0.401704058445
0.120036,0.405371705264
0.120312,0.408891597064
0.12059,0.412246514837
0.120868,0.415415976889
0.121146,0.418404851276
0.121425,0.421189229107
0.121705,0.423780721425
0.121986,0.426188014445
0.122267,0.428408591227
0.122549,0.430452060516
0.122832,0.432326316215
0.123115,0.434049260899
0.123398,0.435641305046
0.123683,0.437108515171
0.123968,0.438477085466
0.124254,0.439728905553
0.12454,0.440912422281
0.124827,0.442008584086
0.125115,0.443050805883
0.125404,0.444043477925
0.125693,0.445001046104
0.125982,0.445915943578
0.126273,0.446834396539
0.126564,0.447736443519
0.126856,0.448649762843
0.127148,0.449575230832
0.127441,0.450533037152
0.127735,0.451531971486
0.128029,0.452570273939
0.128325,0.453657965176
0.12862,0.454802194017
0.128917,0.456000126181
0.129214,0.457265604057
0.129512,0.458584412047
0.129811,0.45996119139
0.13011,0.46139924987
0.13041,0.462893538372
0.13071,0.46443820293
0.131012,0.466044079147
0.131314,0.467688606611
0.131616,0.46938077207
0.13192,0.471112071997
0.132224,0.472879780861
0.132529,0.474688912974
0.132834,0.476517979149
0.13314,0.478387430935
0.133447,0.480275871579
0.133755,0.482193501457
0.134063,0.484132815011
0.134372,0.486093635555
0.134682,0.488070478312
0.134993,0.490071670974
0.135304,0.492085494673
0.135616,0.49411201889
0.135928,0.496160913795
0.136242,0.498225366752
0.136556,0.500305553158
0.136871,0.502390112437
0.137186,0.50449328051
0.137502,0.506614065786
0.137819,0.508739316944
0.138137,0.510873484562
0.138455,0.513016443231
0.138775,0.515154623339
0.139094,0.517305261016
0.139415,0.519441337562
0.139737,0.521575421274
0.140059,0.523691751591
0.140382,0.525790456884
0.140705,0.527865381441
0.141029,0.529909176795
0.141355,0.531915806913
0.14168,0.533882629957
0.142007,0.535800239749
0.142334,0.537666580649
0.142663,0.539476314609
0.142991,0.541232234174
0.143321,0.542927219042
0.143651,0.544562101282
0.143983,0.546148219582
0.144314,0.547680867132
0.144647,0.549162937116
0.144981,0.55060439782
0.145315,0.552020473789
0.14565,0.553412925361
0.145986,0.554791459553
0.146322,0.55618221216
0.146659,0.557581637908
0.146997,0.559003001609
0.147336,0.560466021378
0.147676,0.561981864605
0.148016,0.563554150304
0.148358,0.565197296526
0.1487,0.566914817734
0.149042,0.568724183978
0.149386,0.570621263192
0.14973,0.572611521235
0.150076,0.574695349928
0.150421,0.576877778255
0.150768,0.579148251139
0.151116,0.581514565054
0.151464,0.583960614673
0.151813,0.586482579115
0.152163,0.589076408614
0.152514,0.59173330703
0.152866,0.594437864454
0.153218,0.597174285351
0.153571,0.599939738463
0.153925,0.602717614141
0.15428,0.605490168524
0.154636,0.608248885752
0.154992,0.610971622982
0.15535,0.613647500783
0.155708,0.616261313344
0.156067,0.618793018255
0.156426,0.621235220055
0.156787,0.623569776075
0.157148,0.625788756057
0.157511,0.627875584739
0.157874,0.629820667443
0.158238,0.631626600976
0.158602,0.6332756493
0.158968,0.634776957324
0.159335,0.636117684394
0.159702,0.63731211184
0.16007,0.638357044485
0.160439,0.639262211998
0.160809,0.64003472179
0.16118,0.640692934795
0.161551,0.641243817268
0.161923,0.641708031767
0.162297,0.642096968922
0.162671,0.642428121573
0.163046,0.642722201342
0.163422,0.642994865581
0.163798,0.643263153832
0.164176,0.643547812234
0.164555,0.643854029637
0.164934,0.644202498743
0.165314,0.644600210344
0.165695,0.645063276138
0.166077,0.645602891946
0.16646,0.646227248494
0.166844,0.646945767407
0.167228,0.647767271087
0.167614,0.648697939607
0.168,0.64974226012
0.168388,0.6509121648
0.168776,0.652213662943
0.169165,0.653651073979
0.169555,0.655235671586
0.169946,0.656975297144
0.170337,0.658875039558
0.17073,0.660944886344
0.171124,0.663191701726
0.171518,0.665620027568
0.171913,0.668234074393
0.17231,0.671037068929
0.172707,0.67403017598
0.173105,0.677207260971
0.173504,0.680566920423
0.173904,0.684097244728
0.174305,0.687786416039
0.174707,0.691622329871
0.17511,0.695584157996
0.175513,0.699655727747
0.175918,0.703815023289
0.176323,0.708041568186
0.17673,0.712311454875
0.177137,0.716607025957
0.177546,0.720904287305
0.177955,0.725183915199
0.178365,0.729431437233
0.178776,0.733633154992
0.179188,0.737783353741
0.179601,0.741885698455
0.180015,0.745957157911
0.18043,0.75002820387
0.180846,0.754159224431
0.181263,0.758410814182
0.181681,0.762862233981
0.1821,0.767575889514
0.18252,0.772594019713
0.182941,0.77791395648
0.183362,0.78350022248
0.183785,0.789275133868
0.184209,0.795146272279
0.184633,0.801027111812
0.185059,0.806849603198
0.185485,0.812575899291
0.185913,0.818190362945
0.186342,0.823701689694
0.186771,0.829134354665
0.187202,0.834505347865
0.187633,0.839838030235
0.188066,0.845151798826
0.188499,0.850455622552
0.188934,0.855757612963
0.189369,0.861062782369
0.189806,0.866375576939
0.190244,0.871697731658
0.190682,0.877033336375
0.191122,0.882380238204
0.191562,0.887743248958
0.192004,0.893119223281
0.192446,0.898513631197
0.19289,0.903924108501
0.193335,0.909355361766
0.19378,0.914807148377
0.194227,0.9202774618
0.194675,0.925770672922
0.195124,0.931286179206
0.195573,0.936825839841
0.196024,0.942390464722
0.196476,0.947979796128
0.196929,0.953596818926
0.197383,0.959239982381
0.197838,0.964911747135
0.198294,0.970614718009
0.198751,0.976346890312
0.199209,0.982110471181
0.199669,0.987903997094
0.200129,0.993734543913
0.20059,0.999595963348
0.201053,1.00549373815
0.201516,1.01142617105
0.201981,1.01739645617
0.202446,1.02340138102
0.202913,1.02944664426
0.203381,1.03553090085
0.20385,1.04165581779
0.20432,1.04782092549
0.204791,1.05402738616
0.205263,1.06027658305
0.205736,1.06657042507
0.20621,1.07290809054
0.206685,1.0792901271
0.207162,1.08572129826
0.207639,1.09219662431
0.208118,1.09872041885
0.208598,1.10529318161
0.209079,1.11191652364
0.209561,1.1185924646
0.210044,1.12531863457
0.210528,1.13209706769
0.211013,1.13893078567
0.2115,1.14582109815
0.211987,1.15276813234
0.212476,1.15977490064
0.212966,1.16684283446
0.213457,1.17397494851
0.213949,1.18117566225
0.214442,1.18844655827
0.214936,1.19579810781
0.215432,1.20323271603
0.215928,1.2107611447
0.216426,1.21839203086
0.216925,1.22614189783
0.217425,1.23402245877
0.217926,1.24205672163
0.218429,1.25026350343
0.218932,1.25866921508
0.219437,1.26730210205
0.219943,1.27619490465
0.22045,1.28538412082
0.220958,1.29490457571
0.221467,1.30479511668
0.221978,1.31509241637
0.22249,1.32583351836
0.223003,1.33704976174
0.223517,1.34876713773
0.224032,1.36100220621
0.224548,1.37376491831
0.225066,1.38704931922
0.225585,1.40083457225
0.226105,1.41508420015
0.226626,1.42974903813
0.227149,1.44475559144
0.227672,1.46001551335
0.228197,1.47542858106
0.228723,1.49087205638
0.22925,1.50621551714
0.229779,1.52132129783
0.230308,1.53604237874
0.230839,1.55023286595
0.231372,1.56374984791
0.231905,1.57645817008
0.232439,1.58823518723
0.232975,1.59897386316
0.233512,1.60858919521
0.234051,1.6170199761
0.23459,1.62422505133
0.235131,1.63019794335
0.235673,1.63495445641
0.236216,1.63853842452
0.236761,1.6410182333
0.237307,1.64248479636
0.237854,1.64305121747
0.238402,1.6428390495
0.238952,1.64198662576
0.239502,1.64063499737
0.240055,1.63892883666
0.240608,1.63700582429
0.241163,1.63499952844
0.241718,1.63303321774
0.242276,1.63121574573
0.242834,1.62964026965
0.243394,1.62838467515
0.243955,1.6275115249
0.244517,1.62706608952
0.245081,1.62708000878
0.245646,1.62756806483
0.246212,1.62853670865
0.24678,1.62997786419
0.247349,1.63188049863
0.247919,1.63422174838
0.248491,1.63697789929
0.249063,1.64011858541
0.249638,1.6436150256
0.250213,1.64743495753
0.25079,1.65154909106
0.251368,1.65593020302
0.251947,1.66055287612
0.252528,1.66539470406
0.25311,1.67043999936
0.253694,1.67567310687
0.254279,1.68108898811
0.254865,1.68668701218
0.255452,1.69247328159
0.256041,1.69846182093
0.256631,1.7046747343
0.257223,1.71114539099
0.257816,1.71791525367
0.25841,1.72503956944
0.259006,1.73258159712
0.259603,1.74062081151
0.260202,1.74924814991
0.260801,1.7585677902
0.261403,1.76869749711
0.262005,1.77976821698
0.262609,1.79192224976
0.263215,1.80531125643
0.263821,1.820097607
0.264429,1.83644794513
0.265039,1.85453104102
0.26565,1.87451704049
0.266262,1.89657058598
0.266876,1.92084822947
0.267491,1.94749391887
0.268108,1.97663753397
0.268726,2.00838470475
0.269346,2.04282133706
0.269967,2.08000271085
0.270589,2.11995653812
0.271213,2.16267575006
0.271838,2.20812067138
0.272464,2.25621343536
0.273093,2.30684154252
0.273722,2.35985403264
0.274353,2.41506767241
0.274986,2.47226751348
0.275619,2.53121732356
0.276255,2.59166747837
0.276892,2.65337436612
0.27753,2.71612025813
0.27817,2.77974065915
0.278811,2.84416190995
0.279454,2.90942590468
0.280098,2.97573135758
0.280744,3.04344489126
0.281391,3.1131044141
0.282039,3.18539328085
0.28269,3.2610814105
0.283341,3.34093657974
0.283994,3.42561248197
0.284649,3.51553114151
0.285305,3.61077266375
0.285963,3.71100035091
0.286622,3.81542838919
0.287283,3.92283989301
0.287945,4.03167102021
0.288609,4.14011660007
0.289274,4.2462781183
0.289941,4.34830967348
0.29061,4.44455232784
0.291279,4.53364729432
0.291951,4.61460622212
0.292624,4.68684680634
0.293299,4.7501778848
0.293975,4.80476669747
0.294652,4.85106784755
0.295332,4.88974549067
0.296012,4.9215964687
0.296695,4.94747125353
0.297379,4.96821798958
0.298064,4.98463618209
0.298751,4.99744746169
0.29944,5.00728940088
0.30013,5.01470495792
0.300822,5.02015561922
0.301516,5.02402601956
0.302211,5.02664064847
0.302907,5.0282688353
0.303606,5.02913817681
0.304306,5.02944482032
0.305007,5.02935152138
0.30571,5.02900147663
0.306415,5.02851411623
0.307121,5.0279948657
0.307829,5.0275312942
0.308539,5.02719566294
0.30925,5.02705237389
0.309963,5.02714964646
0.310678,5.02752761341
0.311394,5.02821718135
0.312112,5.02924123368
0.312831,5.03061481861
0.313552,5.0323469692
0.314275,5.03444079382
0.315,5.03689443672
0.315726,5.03970187982
0.316453,5.04285528449
0.317183,5.04634319417
0.317914,5.05015237347
0.318647,5.05426669051
0.319382,5.05867115929
0.320118,5.06334974662
0.320856,5.06828656167
0.321595,5.07346461678
0.322337,5.07886856054
0.32308,5.0844863226
0.323825,5.09030187857
0.324571,5.09630400375
0.325319,5.10248385221
0.326069,5.10883112068
0.326821,5.11533850608
0.327574,5.12200096964
0.328329,5.12881454348
0.329086,5.13577793381
0.329845,5.14289043312
0.330605,5.15015441103
0.331367,5.15757555885
0.332131,5.16516013273
0.332897,5.17291820759
0.333664,5.18086098743
0.334434,5.18900736248
0.335205,5.1973724845
0.335977,5.20598241322
0.336752,5.21486345093
0.337528,5.22404646663
0.338306,5.23356661381
0.339086,5.24346388509
0.339868,5.25378468778
0.340651,5.26457375558
0.341436,5.27588686855
0.342224,5.28777961688
0.343012,5.30031296277
0.343803,5.31355449301
0.344596,5.32757681903
0.34539,5.34246046922
0.346186,5.35830291704
0.346984,5.37521232617
0.347784,5.3933281896
0.348586,5.41281853711
0.34939,5.43389662602
0.350195,5.45682577935
0.351002,5.48192707196
0.351811,5.50958630958
0.352622,5.54024453286
0.353435,5.57439663736
0.35425,5.61256265702
0.355067,5.65525923196
0.355885,5.7029597603
0.356706,5.7560496503
0.357528,5.81476940921
0.358352,5.87917567232
0.359178,5.94909664179
0.360006,6.02410639716
0.360836,6.10351224971
0.361668,6.18635524257
0.362502,6.27143351628
0.363337,6.35733049072
0.364175,6.44245995377
0.365014,6.52512386376
0.365856,6.60356883541
0.366699,6.67605966125
0.367544,6.74094745483
0.368392,6.79674706582
0.369241,6.84220472701
0.370092,6.87636442695
0.370945,6.89861712257
0.3718,6.90873676768
0.372658,6.90689247578
0.373517,6.89363611822
0.374378,6.86986837018
0.375241,6.83677935316
0.376106,6.79576995783
0.376973,6.74836764004
0.377842,6.69612806846
0.378713,6.64055521721
0.379586,6.58302101692
0.380461,6.52471315451
0.381338,6.46660121409
0.382217,6.40942470191
0.383098,6.3537019121
0.383981,6.29975348398
0.384866,6.2477401957
0.385754,6.19769704961
0.386643,6.14957148692
0.387534,6.10326287924
0.388427,6.05863792752
0.389323,6.0155611562
0.39022,5.97390296807
0.39112,5.9335487455
0.392021,5.89440193575
0.392925,5.85638064341
0.393831,5.81942413115
0.394739,5.78348225861
0.395649,5.74851640974
0.396561,5.71449525336
0.397475,5.68139470723
0.398391,5.64919112017
0.39931,5.61786390119
0.40023,5.58739317744
0.401153,5.55775846073
0.402078,5.52893862763
0.403004,5.50090871604
0.403934,5.47364877691
0.404865,5.44713298072
0.405798,5.42133368373
0.406733,5.39622733385
0.407671,5.37178522271
0.408611,5.34798250721
0.409553,5.32479031881
0.410497,5.30218337877
0.411443,5.28013604621
0.412392,5.25862106614
0.413342,5.23761554744
0.414295,5.21709469483
0.41525,5.19703635084
0.416207,5.17741863737
0.417167,5.15822094788
0.418129,5.13942340854
0.419092,5.12100883429
0.420059,5.10295992638
0.421027,5.08525922455
0.421998,5.0678933785
0.42297,5.05084689379
0.423945,5.03410761633
0.424923,5.01766342947
0.425902,5.00150262024
0.426884,4.98561505557
0.427868,4.96999071236
0.428854,4.95462135384
0.429843,4.9394974811
0.430834,4.92461292482
0.431827,4.9099580971
0.432823,4.89552864955
0.43382,4.88131729261
0.43482,4.8673176741
0.435823,4.85352447015
0.436827,4.83993353161
0.437834,4.82653894372
0.438844,4.81333720478
0.439855,4.80032265141
0.440869,4.78749222582
0.441886,4.77484225571
0.442904,4.76236794854
0.443925,4.75006701923
0.444949,4.73793549599
0.445974,4.72597137513
0.447002,4.71417028537
0.448033,4.70253012487
0.449066,4.69104727411
0.450101,4.67971867154
0.451138,4.66854455528
0.452178,4.65751883497
0.453221,4.64664104875
0.454266,4.63590843858
0.455313,4.6253185568
0.456362,4.61486948281
0.457414,4.60455881374
0.458469,4.59438296765
0.459526,4.58434259891
0.460585,4.57443374519
0.461647,4.56465435158
0.462711,4.55500329946
0.463778,4.54547806733
0.464847,4.53607618404
0.465918,4.5267962863
0.466992,4.51763718724
0.468069,4.50859676118
0.469148,4.49967196534
0.47023,4.4908618543
0.471313,4.48216348742
0.4724,4.47357737898
0.473489,4.46509997314
0.47458,4.45672997422
0.475675,4.44846491042
0.476771,4.44030448635
0.47787,4.43224582266
0.478972,4.424289034
0.480076,4.41642959123
0.481183,4.40866798054
0.482292,4.40100252253
0.483404,4.39343069986
0.484518,4.38595100619
0.485635,4.37856219668
0.486754,4.37126227754
0.487876,4.36405088483
0.489001,4.35692558952
0.490128,4.34988412426
0.491258,4.34292679159
0.492391,4.33605102726
0.493526,4.32925635845
0.494664,4.32253909407
0.495804,4.31590016349
0.496947,4.30933742952
0.498092,4.30284881036
0.499241,4.2964348834
0.500391,4.29009130001
0.501545,4.28381954139
0.502701,4.27761717378
0.50386,4.27148332743
0.505022,4.26541539997
0.506186,4.25941414695
0.507353,4.25347777991
0.508522,4.24760429098
0.509694,4.24179259695
0.510869,4.2360430404
0.512047,4.23035289636
0.513227,4.22472167091
0.514411,4.21914879042
0.515596,4.21363277226
0.516785,4.20817276393
0.517976,4.20276678532
0.51917,4.19741550532
0.520367,4.19211643934
0.521567,4.18687023338
0.522769,4.18167438796
0.523974,4.17652936555
0.525182,4.17143384149
0.526393,4.16638644748
0.527606,4.16138650653
0.528822,4.1564337219
0.530042,4.15152686293
0.531263,4.14666493939
0.532488,4.14184909968
0.533716,4.13707586553
0.534946,4.13234605949
0.536179,4.12765893514
0.537415,4.12301378003
0.538654,4.11840965686
0.539896,4.11384588862
0.54114,4.10932108491
0.542388,4.10483713137
0.543638,4.10039136141
0.544891,4.09598304549
0.546147,4.09161324392
0.547406,4.08727974216
0.548668,4.08298232544
0.549933,4.07872224139
0.551201,4.07449651082
0.552471,4.07030601609
0.553745,4.0661508553
0.555022,4.06202895234
0.556301,4.0579398531
0.557583,4.05388471683
0.558869,4.0498623732
0.560157,4.04587229631
0.561448,4.04191467381
0.562743,4.03798750617
0.56404,4.0340916757
0.56534,4.03022683564
0.566643,4.02639237198
0.56795,4.02258729216
0.569259,4.0188120261
0.570571,4.01506683319
0.571887,4.01134989539
0.573205,4.00766086487
0.574526,4.00400128198
0.575851,4.00036942135
0.577178,3.99676494141
0.578509,3.99318813332
0.579842,3.98963816405
0.581179,3.98611506536
0.582519,3.98261865491
0.583862,3.97914786268
0.585207,3.97570360873
0.586557,3.97228514294
0.587909,3.96889088859
0.589264,3.9655228613
0.590622,3.96217994473
0.591984,3.95886121896
0.593349,3.95556709058
0.594716,3.95229722849
0.596087,3.94905083305
0.597461,3.94582848532
0.598839,3.94262975379
0.600219,3.93945380266
0.601603,3.93630139723
0.60299,3.93317166246
0.60438,3.93006473364
0.605773,3.9269800372
0.607169,3.9239173714
0.608569,3.92087701795
0.609972,3.9178580963
0.611378,3.91486095598
0.612787,3.91188534033
0.6142,3.90893133966
0.615616,3.90599791211
0.617035,3.903085148
0.618458,3.90019344135
0.619883,3.89732224525
0.621312,3.89447091827
0.622744,3.89164017695
0.62418,3.88882929643
0.625619,3.88603834267
0.627061,3.8832668086
0.628507,3.88051503848
0.629956,3.87778219095
0.631408,3.87506864297
0.632863,3.87237399734
0.634322,3.86969827258
0.635784,3.8670412588
0.63725,3.86440242481
0.638719,3.86178242681
0.640191,3.85918044874
0.641667,3.85659621199
0.643146,3.85403015064
0.644629,3.85148158071
0.646115,3.84895088996
0.647605,3.84643781233
0.649097,3.84394172591
0.650594,3.84146313996
0.652094,3.83900153702
0.653597,3.83655670006
0.655103,3.83412881073
0.656614,3.83171721237
0.658127,3.82932237993
0.659644,3.82694435528
0.661165,3.8245817804
0.662689,3.82223594985
0.664217,3.81990573339
0.665748,3.81759184514
0.667283,3.81529350979
0.668821,3.81301089685
0.670363,3.81074370082
0.671908,3.80849184402
0.673457,3.80625502563
0.675009,3.80403364617
0.676566,3.8018271654
0.678125,3.799636295
0.679688,3.797460194
0.681255,3.79529782947
0.682826,3.7931507509
0.6844,3.79101825486
0.685978,3.78889948623
0.687559,3.78679607815
0.689144,3.78470660671
0.690732,3.78263079361
0.692325,3.78056921853
0.693921,3.77852081954
0.69552,3.77648725401
0.697124,3.77446649138
0.698731,3.7724598186
0.700342,3.77046655351
0.701956,3.76848683095
0.703574,3.76652067445
0.705196,3.76456733244
0.706822,3.76262717139
0.708451,3.76070057897
0.710084,3.75878653695
0.711721,3.75688517292
0.713362,3.75499649016
0.715006,3.75312105018
0.716655,3.75125773124
0.718307,3.74940743748
0.719963,3.74756911368
0.721622,3.74574342812
0.723286,3.74393022379
0.724953,3.74212927375
0.726624,3.74034024508
0.728299,3.73856358359
0.729978,3.73679888178
0.731661,3.73504561373
0.733348,3.73330482861
0.735038,3.73157552309
0.736733,3.72985834436
0.738431,3.72815218016
0.740133,3.72645787595
0.741839,3.72477525511
0.743549,3.72310424199
0.745264,3.72144393835
0.746982,3.71979555086
0.748704,3.71815815012
0.750429,3.71653204694
0.752159,3.71491717007
0.753893,3.7133133602
0.755631,3.71171996145
0.757373,3.71013857608
0.759119,3.70856698435
0.760869,3.7070065741
0.762623,3.70545726618
0.764381,3.70391862232
0.766143,3.70239014706
0.767909,3.7008722422
0.769679,3.69936467816
0.771454,3.69786785734
0.773232,3.69638091547
0.775015,3.69490479255
0.776801,3.69343847384
0.778592,3.69198260617
0.780387,3.69053653485
0.782186,3.68910024386
0.783989,3.68767430206
0.785796,3.68625818124
0.787608,3.68485079259
0.789423,3.68345377053
0.791243,3.68206649615
0.793067,3.68068849762
0.794895,3.67931968278
0.796728,3.67796024117
0.798564,3.67660984222
0.800405,3.67526847009
0.80225,3.67393625232
0.8041,3.67261257996
0.805953,3.67129810935
0.807811,3.66999204662
0.809673,3.66869413153
0.81154,3.6674054504
0.813411,3.66612370288
0.815286,3.66485113846
0.817165,3.66358634002
0.819049,3.66232937618
0.820937,3.66107996408
0.82283,3.65983848884
0.824726,3.65860461049
0.826628,3.65737735006
0.828533,3.65615806354
0.830443,3.65494599378
0.832357,3.65373998321
0.834276,3.65254172499
0.836199,3.65134979852
0.838127,3.65016395504
0.840059,3.64898505099
0.841996,3.64781204315
0.843937,3.646645744
0.845882,3.6454854537
0.847832,3.64433070847
0.849787,3.64318199486
0.851746,3.64203912642
0.853709,3.64090185764
0.855677,3.6397701592
0.85765,3.63864347672
0.859627,3.63752228717
0.861608,3.63640669014
0.863595,3.63529547015
0.865585,3.63419009953
0.867581,3.63308958017
0.869581,3.63199383056
0.871585,3.63090279219
0.873594,3.6298167108
0.875608,3.62873595523
0.877627,3.62765969329
0.87965,3.62658797208
0.881678,3.62552082715
0.88371,3.6244583156
0.885747,3.62340051748
0.887789,3.6223473308
0.889836,3.62129878511
0.891887,3.6202543926
0.893943,3.61921530234
0.896004,3.61817970199
0.898069,3.61714951756
0.90014,3.61612382876
0.902215,3.61510247916
0.904294,3.61408525249
0.906379,3.61307296108
0.908469,3.61206497552
0.910563,3.6110615775
0.912662,3.61006306189
0.914766,3.60906864713
0.916874,3.6080792753
0.918988,3.6070938378
0.921107,3.60611322278
0.92323,3.60513712102
0.925358,3.60416583345
0.927491,3.60319882879
0.929629,3.60223687715
0.931772,3.60127937878
0.93392,3.60032584068
0.936073,3.59937774982
0.938231,3.5984335049
0.940394,3.59749460375
0.942562,3.59655987767
0.944735,3.59562976156
0.946913,3.59470437114
0.949095,3.59378371552
0.951283,3.592867566
0.953476,3.5919561249
0.955674,3.5910493468
0.957877,3.59014731278
0.960085,3.58924938691
0.962299,3.58835661204
0.964517,3.58746852534
0.96674,3.58658485377
0.968969,3.58570593967
0.971203,3.5848310933
0.973442,3.58396137445
0.975686,3.58309609151
0.977935,3.5822357874
0.980189,3.58137948004
0.982449,3.58052817905
0.984713,3.57968121872
0.986983,3.57883892448
0.989259,3.57800109321
0.991539,3.57716802272
0.993825,3.57633920117
0.996116,3.57551477301
0.998412,3.57469542439
1.00071,3.57388016049
1.00302,3.5730694425
1.00533,3.57226340221
1.00765,3.5714612832
1.00997,3.57066381265
1.0123,3.56987134876
1.01464,3.56908252157
1.01697,3.56829829212
1.01932,3.56751834857
1.02167,3.5667434413
1.02402,3.56597200122
1.02638,3.56520518941
1.02875,3.56444289508
1.03112,3.56368422125
1.0335,3.56293026579
1.03588,3.56218074431
1.03827,3.5614356057
1.04066,3.5606942177
1.04306,3.55995746022
1.04547,3.55922402604
1.04788,3.55849541448
1.05029,3.55777099181
1.05271,3.55705061643
1.05514,3.55633409646
1.05757,3.55562176079
1.06001,3.55491338122
1.06245,3.55420934865
1.0649,3.55350940888
1.06736,3.5528130371
1.06982,3.55212152003
1.07228,3.55143297111
1.07476,3.55074924951
1.07723,3.55006886026
1.07972,3.54939267642
1.08221,3.54872054176
1.0847,3.54805211483
1.0872,3.54738832106
1.08971,3.54672778202
1.09222,3.54607152931
1.09474,3.54541979204
1.09726,3.54477126302
1.09979,3.54412661119
1.10233,3.5434855761
1.10487,3.54284800548
1.10741,3.54221450237
1.10997,3.54158484374
1.11253,3.54095839122
1.11509,3.5403352498
1.11766,3.53971615208
1.12024,3.53910032038
1.12282,3.53848775446
1.12541,3.5378789464
1.128,3.53727349918
1.1306,3.53667143733
1.13321,3.53607258222
1.13582,3.53547691413
1.13844,3.53488492089
1.14106,3.53429625182
1.14369,3.53371081258
1.14633,3.53312794498
1.14897,3.5325490737
1.15162,3.53197300145
1.15428,3.53140013074
1.15694,3.53083073655
1.1596,3.53026409928
1.16228,3.52970041093
1.16496,3.52914014747
1.16764,3.52858321153
1.17033,3.52802883284
1.17303,3.52747765191
1.17574,3.52692962346
1.17845,3.52638403167
1.18116,3.52584226492
1.18389,3.52530260994
1.18662,3.52476656647
1.18935,3.52423310398
1.19209,3.52370264737
1.19484,3.52317499198
1.19759,3.52265041825
1.20036,3.52212813369
1.20312,3.52160903119
1.2059,3.52109255673
1.20868,3.52057924873
1.21146,3.52006862358
1.21425,3.51956073493
1.21705,3.51905524197
1.21986,3.51855292492
1.22267,3.51805291136
1.22549,3.51755599518
1.22832,3.51706114713
1.23115,3.51656925567
1.23398,3.51608013567
1.23683,3.51559332099
1.23968,3.51510919664
1.24254,3.51462764495
1.2454,3.51414861063
1.24827,3.51367191363
1.25115,3.51319807132
1.25404,3.51272682118
1.25693,3.51225786672
1.25982,3.51179141045
1.26273,3.51132698936
1.26564,3.51086524549
1.26856,3.51040619735
1.27148,3.50994914211
1.27441,3.50949501684
1.27735,3.50904325891
1.28029,3.5085930813
1.28325,3.5081461983
1.2862,3.50770142631
1.28917,3.50725835995
1.29214,3.50681804766
1.29512,3.50637990878
1.29811,3.50594403586
1.3011,3.50551073583
1.3041,3.50507938314
1.3071,3.50465019789
1.31012,3.50422359808
1.31314,3.50379916846
1.31616,3.50337683188
1.3192,3.50295659876
1.32224,3.50253835271
1.32529,3.50212253473
1.32834,3.50170882109
1.3314,3.50129717968
1.33447,3.50088799705
1.33755,3.50048023711
1.34063,3.50007505477
1.34372,3.49967230411
1.34682,3.49927097351
1.34993,3.4988719312
1.35304,3.49847470235
1.35616,3.49807986992
1.35928,3.49768696126
1.36242,3.49729623457
1.36556,3.49690739269
1.36871,3.49652042721
1.37186,3.49613547923
1.37502,3.49575227842
1.37819,3.49537165177
1.38137,3.49499229713
1.38455,3.49461546126
1.38775,3.49424004395
1.39094,3.49386676032
1.39415,3.49349536547
1.39737,3.49312599431
1.40059,3.49275856635
1.40382,3.49239242076
1.40705,3.49202882658
1.41029,3.49166662154
1.41355,3.49130618823
1.4168,3.49094809725
1.42007,3.49059136523
1.42334,3.49023663799
1.42663,3.489883908
1.42991,3.48953250917
1.43321,3.48918325981
1.43651,3.48883573282
1.43983,3.48848982585
1.44314,3.48814576146
1.44647,3.48780311023
1.44981,3.48746271642
1.45315,3.48712370989
1.4565,3.48678645461
1.45986,3.48645071528
1.46322,3.48611721124
1.46659,3.48578492586
1.46997,3.48545461743
1.47336,3.48512570956
1.47676,3.48479843224
1.48016,3.48447267361
1.48358,3.4841493685
1.487,3.48382688246
1.49042,3.48350610727
1.49386,3.48318713621
1.4973,3.48286957129
1.50076,3.48255364389
1.50421,3.48223961992
1.50768,3.48192695065
1.51116,3.4816156915
1.51464,3.48130620258
1.51813,3.48099833854
1.52163,3.48069156244
1.52514,3.48038693052
1.52866,3.48008308808
1.53218,3.47978140401
1.53571,3.47948104576
1.53925,3.47918195332
1.5428,3.47888487404
1.54636,3.47858882998
1.54992,3.47829427779
1.5535,3.47800156991
1.55708,3.47770969371
1.56067,3.47741979224
1.56426,3.47713073001
1.56787,3.47684381542
1.57148,3.47655766764
1.57511,3.4762735257
1.57874,3.47599037534
1.58238,3.47570886324
1.58602,3.47542883043
1.58968,3.47515021033
1.59335,3.47487263391
1.59702,3.47459666447
1.6007,3.47432212701
1.60439,3.47404867973
1.60809,3.47377663978
1.6118,3.47350654806
1.61551,3.47323705133
1.61923,3.47296888205
1.62297,3.47270224164
1.62671,3.47243732475
1.63046,3.47217291851
1.63422,3.47191048159
1.63798,3.47164930193
1.64176,3.47138916168
1.64555,3.47113043902
1.64934,3.4708727576
1.65314,3.47061659567
1.65695,3.4703615482
1.66077,3.47010782774
1.6646,3.46985508225
1.66844,3.46960423924
1.67228,3.46935386502
1.67614,3.46910506916
1.68,3.46885755438
1.68388,3.46861112989
1.68776,3.46836615514
1.69165,3.46812232921
1.69555,3.46787953411
1.69946,3.46763793226
1.70337,3.46739768624
1.7073,3.46715835505
1.71124,3.46692045279
1.71518,3.46668342044
1.71913,3.46644776797
1.7231,3.46621300536
1.72707,3.46597984167
1.73105,3.46574767941
1.73504,3.4655165202
1.73904,3.46528659428
1.74305,3.46505769623
1.74707,3.46482988577
1.7511,3.46460328851
1.75513,3.46437812805
1.75918,3.4641534319
1.76323,3.46393034409
1.7673,3.46370784139
1.77137,3.46348685464
1.77546,3.46326679296
1.77955,3.46304763339
1.78365,3.46282953816
1.78776,3.46261282242
1.79188,3.46239710493
1.79601,3.46218232412
1.80015,3.46196867163
1.8043,3.46175598071
1.80846,3.46154451801
1.81263,3.46133384745
1.81681,3.46112438221
1.821,3.46091567473
1.8252,3.46070782246
1.82941,3.46050130343
1.83362,3.46029596821
1.83785,3.46009147909
1.84209,3.45988806131
1.84633,3.45968525502
1.85059,3.45948376794
1.85485,3.45928325652
1.85913,3.45908346055
1.86342,3.45888501382
1.86771,3.45868722055
1.87202,3.45849035659
1.87633,3.45829476213
1.88066,3.45810008086
1.88499,3.45790608638
1.88934,3.45771301651
1.89369,3.45752083026
1.89806,3.45732998948
1.90244,3.45713981296
1.90682,3.45695043596
1.91122,3.45676231968
1.91562,3.45657499254
1.92004,3.45638808348
1.92446,3.45620265566
1.9289,3.45601817402
1.93335,3.45583403758
1.9378,3.45565125572
1.94227,3.45546924312
1.94675,3.45528801057
1.95124,3.45510769902
1.95573,3.45492809704
1.96024,3.45474956594
1.96476,3.45457205293
1.96929,3.45439479512
1.97383,3.45421890054
1.97838,3.4540436899
1.98294,3.45386969521
1.98751,3.45369607938
1.99209,3.45352349611
1.99669,3.4533519729
2.00129,3.45318089118
2.0059,3.45301069772
2.01053,3.45284126711
2.01516,3.45267291207
2.01981,3.4525048693
2.02446,3.45233809124
2.02913,3.45217204268
2.03381,3.4520069389
2.0385,3.45184199478
2.0432,3.45167855968
2.04791,3.45151571416
2.05263,3.45135340263
2.05736,3.45119215207
2.0621,3.45103131685
2.06685,3.45087140891
2.07162,3.45071257596
2.07639,3.45055425948
2.08118,3.45039688606
2.08598,3.45023996059
2.09079,3.45008407532
2.09561,3.44992846881
2.10044,3.44977413172
2.10528,3.44962029847
2.11013,3.449467075
2.115,3.44931482232
2.11987,3.44916317029
2.12476,3.44901237241
2.12966,3.44886223326
2.13457,3.44871303732
2.13949,3.44856406364
2.14442,3.44841608327
2.14936,3.44826858753
2.15432,3.44812198777
2.15928,3.44797595276
2.16426,3.44783125242
2.16925,3.44768657732
2.17425,3.44754281999
2.17926,3.44739979255
2.18429,3.4472571899
2.18932,3.4471153873
2.19437,3.44697449337
2.19943,3.44683365502
2.2045,3.44669422806
2.20958,3.44655477037
2.21467,3.44641681448
2.21978,3.44627889435
2.2249,3.44614180313
2.23003,3.44600534437
2.23517,3.44586955229
2.24032,3.44573446886
2.24548,3.44559995972
2.25066,3.44546593808
2.25585,3.44533284669
2.26105,3.4452001758
2.26626,3.44506797242
2.27149,3.44493686096
2.27672,3.44480618756
2.28197,3.44467587468
2.28723,3.44454656001
2.2925,3.44441763902
2.29779,3.44428932201
2.30308,3.44416193684
2.30839,3.4440347899
2.31372,3.44390833467
2.31905,3.44378280068
2.32439,3.44365724581
2.32975,3.44353276279
2.33512,3.4434087052
2.34051,3.44328510066
2.3459,3.44316240886
2.35131,3.44304007955
2.35673,3.44291832295
2.36216,3.44279745369
2.36761,3.44267673134
2.37307,3.44255694472
2.37854,3.44243746011
2.38402,3.4423186105
2.38952,3.44220026758
2.39502,3.44208269007
2.40055,3.44196535026
2.40608,3.4418488017
2.41163,3.44173268424
2.41718,3.4416172249
2.42276,3.44150232737
2.42834,3.44138792616
2.43394,3.4412739866
2.43955,3.44116066515
2.44517,3.44104794129
2.45081,3.44093584118
2.45646,3.4408238273
2.46212,3.44071287811
2.4678,3.44060206735
2.47349,3.44049201549
2.47919,3.4403821067
2.48491,3.4402729033
2.49063,3.44016462868
2.49638,3.44005655374
2.50213,3.43994898895
2.5079,3.43984182113
2.51368,3.43973513602
2.51947,3.43962939186
2.52528,3.4395237844
2.5311,3.43941874035
2.53694,3.43931411386
2.54279,3.43921002341
2.54865,3.4391067192
2.55452,3.43900350181
2.56041,3.43890088719
2.56631,3.43879885006
2.57223,3.43869728595
2.57816,3.43859595221
2.5841,3.43849547133
2.59006,3.43839529354
2.59603,3.43829561299
2.60202,3.43819615561
2.60801,3.43809709271
2.61403,3.43799915849
2.62005,3.43790126743
2.62609,3.4378040682
2.63215,3.43770683369
2.63821,3.43761056498
2.64429,3.43751450505
2.65039,3.43741881222
2.6565,3.4373236377
2.66262,3.43722920783
2.66876,3.43713492872
2.67491,3.4370410095
2.68108,3.43694763361
2.68726,3.43685487263
2.69346,3.43676234838
2.69967,3.43667018033
2.70589,3.43657863264
2.71213,3.43648761295
2.71838,3.43639689222
2.72464,3.43630652181
2.73093,3.43621663761
2.73722,3.4361272961
2.74353,3.43603816752
2.74986,3.43594971291
2.75619,3.43586139256
2.76255,3.43577361261
2.76892,3.43568612622
2.7753,3.43559919508
2.7817,3.43551276062
2.78811,3.43542638575
2.79454,3.43534088773
2.80098,3.43525554224
2.80744,3.43517048096
2.81391,3.43508610431
2.82039,3.43500196244
2.8269,3.43491789324
2.83341,3.43483492591
2.83994,3.43475182425
2.84649,3.43466917239
2.85305,3.43458706388
2.85963,3.43450506353
2.86622,3.43442363511
2.87283,3.43434291649
2.87945,3.43426208836
2.88609,3.43418191454
2.89274,3.43410206136
2.89941,3.43402244924
2.9061,3.43394349853
2.91279,3.4338645498
2.91951,3.43378628878
2.92624,3.43370791645
2.93299,3.43363042773
2.93975,3.43355303073
2.94652,3.43347616478
2.95332,3.43339969142
2.96012,3.43332351171
2.96695,3.43324741106
2.97379,3.4331719901
2.98064,3.43309684798
2.98751,3.43302198274
2.9944,3.43294756658
3.0013,3.43287355351
3.00822,3.43279965163
3.01516,3.43272622209
3.02211,3.43265307091
3.02907,3.43258025922
3.03606,3.43250798322
3.04306,3.43243596124
3.05007,3.43236423941
3.0571,3.43229280954
3.06415,3.4322218661
3.07121,3.43215107209
3.07829,3.43208063517
3.08539,3.43201055099
3.0925,3.43194080072
3.09963,3.43187163721
3.10678,3.4318024713
3.11394,3.43173376522
3.12112,3.43166531141
3.12831,3.43159720082
3.13552,3.4315292993
3.14275,3.43146171747
3.15,3.43139467025
3.15726,3.43132773185
3.16453,3.43126150194
3.17183,3.43119510296
3.17914,3.43112905501
3.18647,3.43106349871
3.19382,3.43099832171
3.20118,3.43093322125
3.20856,3.43086838822
3.21595,3.43080415076
3.22337,3.43074014292
3.2308,3.43067622257
3.23825,3.43061277891
3.24571,3.43054982443
3.25319,3.43048671243
3.26069,3.4304240367
3.26821,3.43036172667
3.27574,3.43029984071
3.28329,3.43023798913
3.29086,3.43017630481
3.29845,3.43011538231
3.30605,3.43005440008
3.31367,3.42999393652
3.32131,3.42993366623
3.32897,3.42987359751
3.33664,3.42981383071
3.34434,3.42975445608
3.35205,3.42969517101
3.35977,3.42963618477
3.36752,3.42957772581
3.37528,3.42951910194
3.38306,3.42946104504
3.39086,3.42940339863
3.39868,3.42934576243
3.40651,3.42928865246
3.41436,3.42923140159
3.42224,3.42917462242
3.43012,3.42911819704
3.43803,3.42906200333
3.44596,3.4290057856
3.4539,3.42895006745
3.46186,3.42889475779
3.46984,3.42883962644
3.47784,3.42878462879
3.48586,3.42873003337
3.4939,3.42867550426
3.50195,3.42862144917
3.51002,3.42856732581
3.51811,3.42851375117
3.52622,3.42846030245
3.53435,3.42840722044
3.5425,3.42835434277
3.55067,3.42830188263
3.55885,3.42824913555
3.56706,3.42819684302
3.57528,3.42814502964
3.58352,3.42809336073
3.59178,3.42804194924
3.60006,3.42799071003
3.60836,3.42793972043
3.61668,3.42788886815
3.62502,3.42783829393
3.63337,3.42778821466
3.64175,3.42773799694
3.65014,3.42768818681
3.65856,3.42763873567
3.66699,3.42758935127
3.67544,3.42754016588
3.68392,3.42749137772
3.69241,3.42744270642
3.70092,3.42739429044
3.70945,3.42734607723
3.718,3.42729795482
3.72658,3.42725008782
3.73517,3.42720248296
3.74378,3.42715547924
3.75241,3.42710822248
3.76106,3.42706123616
3.76973,3.42701476921
3.77842,3.42696813356
3.78713,3.42692197237
3.79586,3.42687581923
3.80461,3.42683020828
3.81338,3.42678448761
3.82217,3.42673909832
3.83098,3.42669400722
3.83981,3.42664904836
3.84866,3.42660427214
3.85754,3.4265596527
3.86643,3.42651518671
3.87534,3.42647114067
3.88427,3.42642720923
3.89323,3.42638355157
3.9022,3.42633996957
3.9112,3.42629677114
3.92021,3.42625345391
3.92925,3.42621061526
3.93831,3.42616796902
3.94739,3.42612540181
3.95649,3.42608298486
3.96561,3.42604085216
3.97475,3.42599895798
3.98391,3.42595724756
3.9931,3.42591573966
4.0023,3.42587422554
4.01153,3.42583309216
4.02078,3.42579214368
4.03004,3.42575142517
4.03934,3.42571047351
4.04865,3.4256700613
4.05798,3.42563017754
4.06733,3.42558994337
4.07671,3.42555025668
4.08611,3.42551035984
4.09553,3.4254710341
4.10497,3.42543171801
4.11443,3.42539262964
4.12392,3.42535367836
4.13342,3.42531493855
4.14295,3.42527639346
4.1525,3.42523778729
4.16207,3.42519974709
4.17167,3.42516137005
4.18129,3.42512381488
4.19092,3.42508583544
4.20059,3.42504853242
4.21027,3.42501094859
4.21998,3.42497394624
4.2297,3.42493668627
4.23945,3.42490016849
4.24923,3.42486329128
4.25902,3.42482705575
4.26884,3.42479062681
4.27868,3.42475435251
4.28854,3.42471826283
4.29843,3.42468261233
4.30834,3.42464687691
4.31827,3.42461138881
4.32823,3.42457593717
4.3382,3.42454081558
4.3482,3.42450573107
4.35823,3.42447106967
4.36827,3.42443637653
4.37834,3.42440162108
4.38844,3.42436733926
4.39855,3.42433335656
4.40869,3.42429917973
4.41886,3.42426530385
4.42904,3.42423134065
4.43925,3.42419772082
4.44949,3.42416435681
4.45974,3.42413106494
4.47002,3.42409808037
4.48033,3.4240650216
4.49066,3.42403230119
4.50101,3.42399951913
4.51138,3.42396700154
4.52178,3.42393475603
4.53221,3.42390256653
4.54266,3.42387034182
4.55313,3.4238384694
4.56362,3.4238066998
4.57414,3.42377496844
4.58469,3.42374360875
4.59526,3.42371222891
4.60585,3.42368102088
4.61647,3.42364989338
4.62711,3.42361917491
4.63778,3.42358830684
4.64847,3.42355759665
4.65918,3.42352722851
4.66992,3.42349691615
4.68069,3.4234665996
4.69148,3.42343633393
4.7023,3.42340635222
4.71313,3.42337692522
4.724,3.42334728543
4.73489,3.42331759932
4.7458,3.42328818221
4.75675,3.42325897985
4.76771,3.42322981871
4.7787,3.42320061581
4.78972,3.42317196314
4.80076,3.42314322798
4.81183,3.42311453563
4.82292,3.42308627359
4.83404,3.42305795051
4.84518,3.42302953447
4.85635,3.423001611
4.86754,3.42297369312
4.87876,3.42294568329
4.89001,3.42291809968
4.90128,3.42289065881
4.91258,3.42286314472
4.92391,3.42283578174
4.93526,3.42280831413
4.94664,3.42278137764
4.95804,3.42275459261
4.96947,3.42272769576
4.98092,3.42270104675
4.99241,3.42267457863
5.00391,3.42264816195
5.01545,3.4226216847
5.02701,3.42259563898
5.0386,3.42256918419
5.05022,3.42254348384
5.06186,3.42251761535
5.07353,3.422491939
5.08522,3.42246598837
5.09694,3.4224405744
5.10869,3.42241528702
5.12047,3.42238993468
5.13227,3.42236483057
5.14411,3.42233998403
5.15596,3.42231497714
5.16785,3.42229014041
5.17976,3.42226550723
5.1917,3.4222409116
5.20367,3.42221647937
5.21567,3.42219211722
5.22769,3.42216797853
5.23974,3.42214372113
5.25182,3.42211963714
5.26393,3.42209581157
5.27606,3.4220719905
5.28822,3.42204834573
5.30042,3.42202456733
5.31263,3.42200115986
5.32488,3.42197764979
5.33716,3.42195435419
5.34946,3.42193124828
5.36179,3.42190803567
5.37415,3.42188512323
5.38654,3.42186255778
5.39896,3.42183947758
5.4114,3.42181693249
5.42388,3.42179436318
5.43638,3.42177202367
5.44891,3.42174970213
5.46147,3.42172731622
5.47406,3.42170488882
5.48668,3.42168316548
5.49933,3.42166103531
5.51201,3.42163942859
5.52471,3.42161756614
5.53745,3.42159597052
5.55022,3.42157435319
5.56301,3.42155275749
5.57583,3.42153140697
5.58869,3.4215103088
5.60157,3.42148902749
5.61448,3.4214678243
5.62743,3.42144702914
5.6404,3.42142629989
5.6534,3.42140535707
5.66643,3.42138457099
5.6795,3.42136410268
5.69259,3.42134361441
5.70571,3.42132320974
5.71887,3.42130299878
5.73205,3.4212825928
5.74526,3.42126249517
5.75851,3.4212423014
5.77178,3.42122235045
5.78509,3.42120277184
5.79842,3.42118289515
5.81179,3.42116288989
5.82519,3.42114360152
5.83862,3.42112389395
5.85207,3.42110436483
5.86557,3.42108496363
5.87909,3.42106585451
5.89264,3.42104635134
5.90622,3.42102757613
5.91984,3.42100829839
5.93349,3.42098948981
5.94716,3.42097074179
5.96087,3.42095170206
5.97461,3.42093316517
5.98839,3.42091468932
6.00219,3.42089608419
6.01603,3.42087754829
6.0299,3.42085916298
6.0438,3.42084076368
6.05773,3.42082250318
6.07169,3.42080444545
6.08569,3.42078636433
6.09972,3.42076839088
6.11378,3.42075042182
6.12787,3.42073249918
6.142,3.42071470029
6.15616,3.42069730471
6.17035,3.42067968031
6.18458,3.42066209014
6.19883,3.420644674
6.21312,3.42062731031
6.22744,3.42060999134
6.2418,3.42059285522
6.25619,3.42057566642
6.27061,3.42055860746
6.28507,3.42054158805
6.29956,3.42052460396
6.31408,3.42050786415
6.32863,3.42049096823
6.34322,3.42047411266
6.35784,3.4204578411
6.3725,3.42044095401
6.38719,3.42042444211
6.40191,3.42040784948
6.41667,3.42039147149
6.43146,3.42037472687
6.44629,3.42035852593
6.46115,3.42034244065
6.47605,3.42032606918
6.49097,3.42030970557
6.50594,3.42029369322
6.52094,3.42027756577
6.53597,3.42026133133
6.55103,3.42024514619
6.56614,3.42022922723
6.58127,3.42021340761
6.59644,3.42019728277
6.61165,3.42018136932
6.62689,3.42016534524
6.64217,3.42014940933
6.65748,3.4201335629
6.67283,3.42011749814
6.68821,3.42010200155
6.70363,3.42008597545
6.71908,3.4200704698
6.73457,3.42005486303
6.75009,3.42003961519
6.76566,3.42002456382
6.78125,3.42000958374
6.79688,3.41999517787
6.81255,3.41998099607
6.82826,3.41996720263
6.844,3.4199538751
6.85978,3.41994138163
6.87559,3.41992910899
6.89144,3.41991738285
6.90732,3.41990584691
6.92325,3.41989408883
6.93921,3.41988228874
6.9552,3.41987014825
6.97124,3.41985776985
6.98731,3.41984457802
7.00342,3.41983169301
7.01956,3.41981801019
7.03574,3.4198044293
7.05196,3.41979101628
7.06822,3.41977732519
7.08451,3.41976365516
7.10084,3.41974991709
7.11721,3.41973621793
7.13362,3.41972307371
7.15006,3.41970962832
7.16655,3.4196965095
7.18307,3.41968337804
7.19963,3.41967061318
7.21622,3.4196577958
7.23286,3.41964505437
7.24953,3.41963237408
7.26624,3.41961987719
7.28299,3.41960719499
7.29978,3.41959516066
7.31661,3.41958249158
7.33348,3.41957013361
7.35038,3.41955772426
7.36733,3.41954500497
7.38431,3.41953244771
7.40133,3.41951969316
7.41839,3.41950701035
7.43549,3.41949403798
7.45264,3.41948137812
7.46982,3.4194684498
7.48704,3.41945590714
7.50429,3.41944355314
7.52159,3.41943112987
7.53893,3.41941909468
7.55631,3.41940739166
7.57373,3.41939552091
7.59119,3.41938435255
7.60869,3.41937306556
7.62623,3.41936239544
7.64381,3.41935163456
7.66143,3.41934102694
7.67909,3.41933054477
7.69679,3.41932032057
7.71454,3.41931003434
7.73232,3.4192997333
7.75015,3.41928927894
7.76801,3.41927902417
7.78592,3.4192683129
7.80387,3.41925756905
7.82186,3.41924682716
7.83989,3.41923589027
7.85796,3.41922494955
7.87608,3.41921375881
7.89423,3.4192030325
7.91243,3.41919157799
7.93067,3.41918051797
7.94895,3.41916936407
7.96728,3.41915789405
7.98564,3.41914674859
8.00405,3.41913556732
8.0225,3.419123902
8.041,3.41911274405
8.05953,3.41910122422
8.07811,3.41909008464
8.09673,3.41907858452
8.1154,3.4190671435
8.13411,3.41905570096
8.15286,3.4190442553
8.17165,3.4190328186
8.19049,3.41902131896
8.20937,3.41900985258
8.2283,3.4189985303
8.24726,3.41898699054
8.26628,3.41897563103
8.28533,3.41896472824
8.30443,3.41895396215
8.32357,3.41894315313
8.34276,3.41893222038
8.36199,3.41892214129
8.38127,3.41891181805
8.40059,3.41890172045
8.41996,3.41889189752
8.43937,3.41888211526
8.45882,3.41887267032
8.47832,3.41886321594
8.49787,3.41885366263
8.51746,3.41884440525
8.53709,3.41883513781
8.55677,3.41882583556
8.5765,3.41881666873
8.59627,3.41880763127
8.61608,3.41879820648
8.63595,3.41878900193
8.65585,3.41877987966
8.67581,3.41877068924
8.69581,3.41876174614
8.71585,3.41875298361
8.73594,3.41874447637
8.75608,3.41873624941
8.77627,3.41872880957
8.7965,3.41872170979
8.81678,3.41871460796
8.8371,3.41870805878
8.85747,3.41870160647
8.87789,3.41869511881
8.89836,3.4186885982
8.91887,3.41868210983
8.93943,3.41867546941
8.96004,3.41866896467
8.98069,3.41866241012
9.0014,3.41865598715
9.02215,3.41864934598
9.04294,3.41864271331
9.06379,3.4186360521
9.08469,3.41862949833
9.10563,3.41862250952
9.12662,3.41861531527
9.14766,3.41860808449
9.16874,3.41860049513
9.18988,3.41859294987
9.21107,3.41858526937
9.2323,3.4185772395
9.25358,3.41856900126
9.27491,3.41856099842
9.29629,3.4185523339
9.31772,3.41854361928
9.3392,3.41853459453
9.36073,3.41852557816
9.38231,3.41851631479
9.40394,3.41850697834
9.42562,3.41849759836
9.44735,3.4184881771
9.46913,3.41847851875
9.49095,3.4184689427
9.51283,3.41845925033
9.53476,3.41844929496
9.55674,3.41843968932
9.57877,3.41842970844
9.60085,3.41841969034
9.62299,3.41840956945
9.64517,3.41839963648
9.6674,3.41838932947
9.68969,3.41837933792
9.71203,3.41836925424
9.73442,3.41835934584
9.75686,3.41834971507
9.77935,3.41833981652
9.80189,3.41833049626
9.82449,3.41832090015
9.84713,3.41831167691
9.86983,3.41830255394
9.89259,3.41829326549
9.91539,3.41828461156
9.93825,3.41827572673
9.96116,3.41826708445
9.98412,3.41825872573
10.0071,3.41825063762
10.0302,3.41824216445
10.0533,3.41823412372
10.0765,3.4182261141
10.0997,3.41821870733
10.123,3.41821174743
10.1464,3.41820529958
10.1697,3.4181995341
10.1932,3.41819402513
10.2167,3.41818870113
10.2402,3.41818401447
10.2638,3.41817950395
10.2875,3.41817484538
10.3112,3.41817096406
10.335,3.41816696854
10.3588,3.41816269915
10.3827,3.41815884961
10.4066,3.41815439079
10.4306,3.41814995781
10.4547,3.41814537234
10.4788,3.41814041133
10.5029,3.41813507646
10.5271,3.41812896821
10.5514,3.4181223532
10.5757,3.41811517717
10.6001,3.4181076153
10.6245,3.41809993203
10.649,3.41809209012
10.6736,3.41808393848
10.6982,3.41807614401
10.7228,3.41806875189
10.7476,3.41806179313
10.7723,3.41805498476
10.7972,3.41804824964
10.8221,3.41804155227
10.847,3.41803476651
10.872,3.41802844128
10.8971,3.41802274858
10.9222,3.41801785531
10.9474,3.41801386568
10.9726,3.41801086457
10.9979,3.41800846258
11.0233,3.41800664782
11.0487,3.41800560328
11.0741,3.4180043345
11.0997,3.41800359798
11.1253,3.41800306115
11.1509,3.41800250519
11.1766,3.41800197855
11.2024,3.41800150715
11.2282,3.41800088718
11.2541,3.41800036688
11.28,3.41800001696
11.306,3.4179992524
11.3321,3.41799870836
11.3582,3.41799793151
11.3844,3.41799670018
11.4106,3.41799537598
11.4369,3.41799422645
11.4633,3.41799314892
11.4897,3.41799215763
11.5162,3.41799134708
11.5428,3.41799046885
11.5694,3.41798901989
11.596,3.41798650203
11.6228,3.41798290847
11.6496,3.41797821588
11.6764,3.41797249024
11.7033,3.41796584783
11.7303,3.41795896163
11.7574,3.41795187629
11.7845,3.41794447403
11.8116,3.4179366689
11.8389,3.41792834319
11.8662,3.41791952641
11.8935,3.41790954796
11.9209,3.41789820327
11.9484,3.41788570409
11.9759,3.41787340275
12.0036,3.41786182133
12.0312,3.41785247404
12.059,3.41784489205
12.0868,3.41784020322
12.1146,3.41783759671
12.1425,3.4178372359
12.1705,3.41783807611
12.1986,3.41783983251
12.2267,3.41784215075
12.2549,3.41784402947
12.2832,3.41784567093
12.3115,3.41784605638
12.3398,3.41784485945
12.3683,3.41784157297
12.3968,3.41783680259
12.4254,3.41782969936
12.454,3.41782030224
12.4827,3.41780827306
12.5115,3.4177943027
12.5404,3.4177829785
12.5693,3.41777698739
12.5982,3.41777392199
12.6273,3.41777157341
12.6564,3.41776932217
12.6856,3.4177666122
12.7148,3.41776404992
12.7441,3.41776064293
12.7735,3.4177575697
12.8029,3.41775372805
12.8325,3.417750126
12.862,3.41774623857
12.8917,3.41774222291
12.9214,3.41773841164
12.9512,3.41773450683
12.9811,3.41773083611
13.011,3.41772706564
13.041,3.41772347758
13.071,3.41771967791
13.1012,3.41771589102
13.1314,3.41771243284
13.1616,3.41770898471
13.192,3.41770534049
13.2224,3.4177019188
13.2529,3.41769850461
13.2834,3.41769552284
13.314,3.41769278212
13.3447,3.41769055426
13.3755,3.41768944586
13.4063,3.4176891931
13.4372,3.41769085181
13.4682,3.41769564546
13.4993,3.41770491359
13.5304,3.41771953254
13.5616,3.41773607013
13.5928,3.41774995088
13.6242,3.4177593201
13.6556,3.41776624022
13.6871,3.417772278
13.7186,3.41777759589
13.7502,3.41778199594
13.7819,3.41778546245
13.8137,3.41778845012
13.8455,3.41779028479
13.8775,3.41779174375
13.9094,3.41779205185
13.9415,3.41779133837
13.9737,3.41778846341
14.0059,3.41778233935
14.0382,3.41777206996
14.0705,3.41775762063
14.1029,3.4177410108
14.1355,3.41772461577
14.168,3.41770814004
14.2007,3.41769179613
14.2334,3.41767590423
14.2663,3.41766106709
14.2991,3.41764673191
14.3321,3.41763299359
14.3651,3.41762089888
14.3983,3.41761006808
14.4314,3.41760080372
14.4647,3.41759340558
14.4981,3.41758693788
14.5315,3.41758062367
14.565,3.41757294581
14.5986,3.41756486152
14.6322,3.4175558788
14.6659,3.41754683968
14.6997,3.41753768618
14.7336,3.41752858562
14.7676,3.41751965997
14.8016,3.41751076971
14.8358,3.41750154443
14.87,3.4174921944
14.9042,3.41748307358
14.9386,3.41747389653
14.973,3.41746416199
15.0076,3.41745461258
15.0421,3.41744475001
15.0768,3.41743464221
15.1116,3.41742442973
15.1464,3.4174139492
15.1813,3.41740315978
15.2163,3.41739226836
15.2514,3.41738081236
15.2866,3.41736865462
15.3218,3.41735549055
15.3571,3.41734175202
15.3925,3.41732694574
15.428,3.41731152623
15.4636,3.41729470569
15.4992,3.41727697878
15.535,3.41725750656
15.5708,3.41723652856
15.6067,3.41721368782
15.6426,3.41718801649
15.6787,3.41715929071
15.7148,3.41712580534
15.7511,3.41708624369
15.7874,3.41703794648
15.8238,3.41697580891
15.8602,3.41689826573
15.8968,3.41681037917
15.9335,3.41673290049
15.9702,3.41669493634
16.007,3.41671853599
16.0439,3.4167997274
16.0809,3.41691011079
16.118,3.41701828645
16.1551,3.41710802509
16.1923,3.417180036
16.2297,3.41724410171
16.2671,3.41731019881
16.3046,3.41738358291
16.3422,3.41746393648
16.3798,3.41754828424
16.4176,3.41763160005
16.4555,3.41770946574
16.4934,3.41778005998
16.5314,3.4178429206
16.5695,3.41789704427
16.6077,3.41794054282
16.646,3.41797050555
16.6844,3.41798523052
16.7228,3.4179861985
16.7614,3.41797694776
16.8,3.41796135925
16.8388,3.41794216808
16.8776,3.41792169662
16.9165,3.41790108447
16.9555,3.41788090017
16.9946,3.41786053317
17.0337,3.417840684
17.073,3.41782172364
17.1124,3.41780298171
17.1518,3.41778472674
17.1913,3.41776719626
17.231,3.41775022018
17.2707,3.41773408967
17.3105,3.41771859991
17.3504,3.41770401295
17.3904,3.4176910983
17.4305,3.41767953973
17.4707,3.41767037775
17.511,3.41766515711
17.5513,3.41766375023
17.5918,3.41766611825
17.6323,3.41767161731
17.673,3.41767855234
17.7137,3.41768500616
17.7546,3.41768952092
17.7955,3.41769202668
17.8365,3.41769261133
17.8776,3.41769242449
17.9188,3.41769210284
17.9601,3.41769216293
18.0015,3.41769212237
18.043,3.41769168799
18.0846,3.41769116589
18.1263,3.417690592
18.1681,3.41769002198
18.21,3.41768950583
18.252,3.41768870513
18.2941,3.4176880675
18.3362,3.41768691885
18.3785,3.41768574046
18.4209,3.41768403428
18.4633,3.41768176413
18.5059,3.41767955094
18.5485,3.41767727572
18.5913,3.4176746258
18.6342,3.41767219211
18.6771,3.41766973246
18.7202,3.41766693838
18.7633,3.41766465995
18.8066,3.41766262926
18.8499,3.41766055774
18.8934,3.41765857907
18.9369,3.41765720492
18.9806,3.41765582966
19.0244,3.41765505611
19.0682,3.41765406195
19.1122,3.41765366451
19.1562,3.41765297078
19.2004,3.41765231442
19.2446,3.41765126679
19.289,3.41765029105
19.3335,3.41764922297
19.378,3.41764848097
19.4227,3.41764797632
19.4675,3.41764783674
19.5124,3.41764785095
19.5573,3.4176479012
19.6024,3.41764784681
19.6476,3.41764790789
19.6929,3.41764726341
19.7383,3.41764652364
19.7838,3.41764550552
19.8294,3.4176446813
19.8751,3.41764341825
19.9209,3.41764244767
19.9669,3.41764139562
20.0129,3.41764021338
20.059,3.41763941844
20.1053,3.41763865364
20.1516,3.4176383621
20.1981,3.41763821463
20.2446,3.4176378271
20.2913,3.41763814342
20.3381,3.41763837833
20.385,3.41763906657
20.432,3.41763940399
20.4791,3.41764022371
20.5263,3.41764059054
20.5736,3.41764084124
20.621,3.41764113649
20.6685,3.41764152995
20.7162,3.41764104434
20.7639,3.41764093097
20.8118,3.41764033313
20.8598,3.41763905676
20.9079,3.41763816531
20.9561,3.41763648076
21.0044,3.41763451123
21.0528,3.4176326667
21.1013,3.41763025061
21.15,3.41762810275
21.1987,3.41762544094
21.2476,3.41762282642
21.2966,3.41762016432
21.3457,3.4176175574
21.3949,3.41761486437
21.4442,3.41761207391
21.4936,3.41760943931
21.5432,3.41760683217
21.5928,3.41760412273
21.6426,3.41760161661
21.6925,3.41759884433
21.7425,3.41759642315
21.7926,3.41759357074
21.8429,3.41759090106
21.8932,3.41758845065
21.9437,3.41758587184
21.9943,3.41758316636
22.045,3.41758054134
22.0958,3.41757812803
22.1467,3.41757561824
22.1978,3.41757297319
22.249,3.41757047916
22.3003,3.41756822781
22.3517,3.4175654938
22.4032,3.41756335734
22.4548,3.41756076611
22.5066,3.41755849521
22.5585,3.41755596879
22.6105,3.41755347278
22.6626,3.41755121793
22.7149,3.41754869006
22.7672,3.4175463356
22.8197,3.41754397204
22.8723,3.4175416078
22.925,3.41753892119
22.9779,3.41753630394
23.0308,3.41753375639
23.0839,3.41753133077
23.1372,3.41752876211
23.1905,3.4175259346
23.2439,3.41752345749
23.2975,3.41752096641
23.3512,3.4175183922
23.4051,3.41751565645
23.459,3.41751312012
23.5131,3.41751052912
23.5673,3.4175077652
23.6216,3.41750509065
23.6761,3.41750258512
23.7307,3.41749992541
23.7854,3.41749724337
23.8402,3.41749458853
23.8952,3.41749195086
23.9502,3.41748920199
24.0055,3.41748666344
24.0608,3.41748417168
24.1163,3.41748151075
24.1718,3.41747895298
24.2276,3.41747637999
24.2834,3.41747368592
24.3394,3.41747140487
24.3955,3.41746867683
24.4517,3.41746593578
24.5081,3.41746370539
24.5646,3.41746120259
24.6212,3.41745867572
24.678,3.41745616226
24.7349,3.4174535941
24.7919,3.417451185
24.8491,3.41744885517
24.9063,3.4174462187
24.9638,3.41744376383
25.0213,3.41744132754
25.079,3.41743871356
25.1368,3.41743632453
25.1947,3.41743381599
25.2528,3.41743129541
25.311,3.41742899475
25.3694,3.4174264232
25.4279,3.41742391601
25.4865,3.41742113437
25.5452,3.41741867774
25.6041,3.41741585572
25.6631,3.41741348816
25.7223,3.41741051563
25.7816,3.41740816139
25.841,3.41740542989
25.9006,3.41740321926
25.9603,3.41740080961
26.0202,3.41739895338
26.0801,3.41739747355
26.1403,3.41739630024
26.2005,3.41739571827
26.2609,3.41739542951
26.3215,3.41739548114
26.3821,3.41739558139
26.4429,3.41739579953
26.5039,3.4173958768
26.565,3.41739559468
26.6262,3.4173951861
26.6876,3.41739445758
26.7491,3.41739401673
26.8108,3.41739303193
26.8726,3.41739226614
26.9346,3.41739127245
26.9967,3.41739008469
27.0589,3.41738893031
27.1213,3.41738807227
27.1838,3.41738675734
27.2464,3.41738550107
27.3093,3.4173843916
27.3722,3.41738310148
27.4353,3.41738191144
27.4986,3.41738070763
27.5619,3.41737928342
27.6255,3.41737818617
27.6892,3.41737681335
27.753,3.41737576173
27.817,3.4173743829
27.8811,3.41737321533
27.9454,3.41737194017
28.0098,3.41737082741
28.0744,3.41736970042
28.1391,3.41736844553
28.2039,3.41736704229
28.269,3.41736582977
28.3341,3.41736471344
28.3994,3.41736366804
28.4649,3.41736237016
28.5305,3.41736134674
28.5963,3.41736010591
28.6622,3.41735866411
28.7283,3.41735751903
28.7945,3.41735642538
28.8609,3.41735540547
28.9274,3.41735415546
28.9941,3.41735288642
29.061,3.41735181982
29.1279,3.41735069422
29.1951,3.41734945116
29.2624,3.41734835753
29.3299,3.41734690718
29.3975,3.41734593334
29.4652,3.41734479175
29.5332,3.41734373619
29.6012,3.41734230739
29.6695,3.41734130516
29.7379,3.41734031227
29.8064,3.41733915983
29.8751,3.4173379854
29.944,3.41733695725
30.013,3.41733616997
30.0822,3.41733506936
30.1516,3.41733388937
30.2211,3.41733319761
30.2907,3.41733222696
30.3606,3.41733134097
30.4306,3.41733018256
30.5007,3.41732929455
30.571,3.41732831482
30.6415,3.41732706246
30.7121,3.41732584605
30.7829,3.41732484011
30.8539,3.41732335541
30.925,3.41732210792
30.9963,3.41732096893
31.0678,3.41731993136
31.1394,3.41731888236
31.2112,3.41731746787
31.2831,3.41731670508
31.3552,3.41731565764
31.4275,3.41731496537
31.5,3.41731435508
31.5726,3.4173137639
31.6453,3.41731373271
31.7183,3.41731381118
31.7914,3.41731426375
31.8647,3.41731516554
31.9382,3.41731593157
32.0118,3.41731672572
32.0856,3.41731747864
32.1595,3.41731803235
32.2337,3.41731828574
32.308,3.41731849305
32.3825,3.41731806997
32.4571,3.41731772815
32.5319,3.41731727311
32.6069,3.4173165519
32.6821,3.41731584785
32.7574,3.41731492017
32.8329,3.41731432051
32.9086,3.41731340526
32.9845,3.41731267437
33.0605,3.41731201193
33.1367,3.41731109501
33.2131,3.41731041591
33.2897,3.41730990322
33.3664,3.41730890558
33.4434,3.41730831049
33.5205,3.41730770889
33.5977,3.41730704755
33.6752,3.41730621212
33.7528,3.41730534526
33.8306,3.41730493071
33.9086,3.41730415691
33.9868,3.41730354123
34.0651,3.41730260228
34.1436,3.41730212507
34.2224,3.41730137006
34.3012,3.41730092244
34.3803,3.41730011766
34.4596,3.4172995827
34.539,3.41729905296
34.6186,3.41729847206
34.6984,3.41729766316
34.7784,3.41729700533
34.8586,3.41729664375
34.939,3.41729603031
35.0195,3.41729553871
35.1002,3.41729508189
35.1811,3.41729442475
35.2622,3.41729362334
35.3435,3.41729305025
35.425,3.41729247251
35.5067,3.41729201741
35.5885,3.41729148175
35.6706,3.41729048918
35.7528,3.41729035112
35.8352,3.41728955444
35.9178,3.41728913094
36.0006,3.41728853887
36.0836,3.41728787066
36.1668,3.41728734074
36.2502,3.41728695445
36.3337,3.41728647279
36.4175,3.41728575357
36.5014,3.41728528462
36.5856,3.41728487476
36.6699,3.4172843953
36.7544,3.41728368931
36.8392,3.41728299988
36.9241,3.41728257999
37.0092,3.4172819666
37.0945,3.41728147218
37.18,3.41728121058
37.2658,3.41728029501
37.3517,3.41727966291
37.4378,3.41727929741
37.5241,3.41727884855
37.6106,3.41727814933
37.6973,3.41727743407
37.7842,3.41727696541
37.8713,3.41727665338
37.9586,3.4172760238
38.0461,3.41727556288
38.1338,3.41727496821
38.2217,3.41727462039
38.3098,3.41727424015
38.3981,3.4172737885
38.4866,3.41727324629
38.5754,3.41727292334
38.6643,3.41727223503
38.7534,3.41727184525
38.8427,3.41727145494
38.9323,3.41727105655
39.022,3.41727030727
39.112,3.41726998448
39.2021,3.41726937256
39.2925,3.41726927875
39.3831,3.41726854047
39.4739,3.41726810113
39.5649,3.4172674366
39.6561,3.41726719012
39.7475,3.41726629554
39.8391,3.41726573993
39.931,3.41726534356
40.023,3.41726488006
40.1153,3.41726413262
40.2078,3.41726399056
40.3004,3.41726318196
40.3934,3.41726303905
40.4865,3.41726261769
40.5798,3.41726214007
40.6733,3.41726172477
40.7671,3.4172614112
40.8611,3.41726114873
40.9553,3.41726059094
41.0497,3.41726030703
41.1443,3.41725977769
41.2392,3.41725931452
41.3342,3.41725883782
41.4295,3.41725846029
41.525,3.41725778235
41.6207,3.41725709318
41.7167,3.41725649842
41.8129,3.41725588834
41.9092,3.4172553907
42.0059,3.41725485083
42.1027,3.4172542164
42.1998,3.41725358969
42.297,3.41725303019
42.3945,3.41725261601
42.4923,3.41725182719
42.5902,3.41725153825
42.6884,3.41725099648
42.7868,3.41725037184
42.8854,3.41724988348
42.9843,3.41724962436
43.0834,3.41724889067
43.1827,3.41724866944
43.2823,3.41724815423
43.382,3.41724789793
43.482,3.41724731077
43.5823,3.41724700931
43.6827,3.41724665633
43.7834,3.41724619031
43.8844,3.41724595446
43.9855,3.41724546799
44.0869,3.41724530345
44.1886,3.41724481875
44.2904,3.4172448002
44.3925,3.41724435097
44.4949,3.41724414879
44.5974,3.41724379105
44.7002,3.41724355188
44.8033,3.41724320029
44.9066,3.41724294317
45.0101,3.41724256325
45.1138,3.41724245662
45.2178,3.41724233768
45.3221,3.41724201158
45.4266,3.41724173743
45.5313,3.41724141043
45.6362,3.41724111411
45.7414,3.41724096713
45.8469,3.41724097622
45.9526,3.41724054521
46.0585,3.41724029539
46.1647,3.41724014495
46.2711,3.41723997844
46.3778,3.41723961593
46.4847,3.41723970377
46.5918,3.41723952911
46.6992,3.41723939507
46.8069,3.41723902059
46.9148,3.41723870917
47.023,3.41723872002
47.1313,3.41723850034
47.24,3.41723847532
47.3489,3.41723817155
47.458,3.4172382541
47.5675,3.41723782301
47.6771,3.41723769908
47.787,3.41723768059
47.8972,3.41723738573
48.0076,3.41723734397
48.1183,3.4172369568
48.2292,3.41723686057
48.3404,3.41723701451
48.4518,3.41723654534
48.5635,3.41723634741
48.6754,3.41723655208
48.7876,3.41723640742
48.9001,3.41723623934
49.0128,3.41723619692
49.1258,3.41723592574
49.2391,3.41723558814
49.3526,3.41723589681
49.4664,3.4172356433
49.5804,3.41723583457
49.6947,3.41723563659
49.8092,3.4172356076
49.9241,3.417235298
50.0391,3.41723554745
50.1545,3.41723557463
50.2701,3.417235347
50.386,3.41723540282
50.5022,3.41723554477
50.6186,3.41723569323
50.7353,3.41723580152
50.8522,3.41723556246
50.9694,3.4172359475
51.0869,3.41723554888
51.2047,3.41723600014
51.3227,3.417236215
51.4411,3.41723613384
51.5596,3.41723621634
51.6785,3.41723627624
51.7976,3.41723640965
51.917,3.41723655609
52.0367,3.41723690574
52.1567,3.41723673294
52.2769,3.41723721004
52.3974,3.41723752257
52.5182,3.41723732559
52.6393,3.41723761875
52.7606,3.41723792026
52.8822,3.41723814329
53.0042,3.41723817235
53.1263,3.41723842372
53.2488,3.41723876099
53.3716,3.41723864891
53.4946,3.41723912839
53.6179,3.41723931453
53.7415,3.41723949686
53.8654,3.41723973351
53.9896,3.41724008953
54.114,3.41723999218
54.2388,3.41724044689
54.3638,3.41724076616
54.4891,3.41724103486
54.6147,3.41724167846
54.7406,3.41724164604
54.8668,3.41724227299
54.9933,3.41724218928
55.1201,3.4172425551
55.2471,3.41724307089
55.3745,3.41724352797
55.5022,3.41724388705
55.6301,3.41724406451
55.7583,3.417244453
55.8869,3.41724508382
56.0157,3.41724537282
56.1448,3.41724594546
56.2743,3.41724621296
56.404,3.41724632785
56.534,3.41724723134
56.6643,3.41724726863
56.795,3.41724766095
56.9259,3.41724840328
57.0571,3.41724899541
57.1887,3.41724952539
57.3205,3.41724967625
57.4526,3.41725007793
57.5851,3.41725082574
57.7178,3.41725136773
57.8509,3.41725191553
57.9842,3.41725221288
58.1179,3.41725277023
58.2519,3.41725362537
58.3862,3.4172543667
58.5207,3.41725469328
58.6557,3.41725511582
58.7909,3.41725577257
58.9264,3.41725612996
59.0622,3.41725697955
59.1984,3.41725759664
59.3349,3.41725835191
59.4716,3.41725850788
59.6087,3.41725949191
59.7461,3.41726007168
59.8839,3.41726057977
60.0219,3.4172613035
60.1603,3.41726186655
60.299,3.41726303307
60.438,3.4172632504
60.5773,3.41726411768
60.7169,3.41726500852
60.8569,3.41726547002
60.9972,3.41726614631
61.1378,3.41726716917
61.2787,3.41726751576
61.42,3.4172685169
61.5616,3.41726947975
61.7035,3.41726998868
61.8458,3.41727072892
61.9883,3.41727135701
62.1312,3.41727279501
62.2744,3.41727337103
62.418,3.41727461614
62.5619,3.41727564812
62.7061,3.41727667489
62.8507,3.41727808164
62.9956,3.4172793363
63.1408,3.41728051775
63.2863,3.41728212793
63.4322,3.41728370381
63.5784,3.41728562823
63.725,3.41728732973
63.8719,3.4172892217
64.0191,3.41729109099
64.1667,3.41729336613
64.3146,3.4172951952
64.4629,3.41729755841
64.6115,3.41729908324
64.7605,3.41730172385
64.9097,3.41730409774
65.0594,3.41730599248
65.2094,3.41730860552
65.3597,3.41731060196
65.5103,3.41731275218
65.6614,3.41731446145
65.8127,3.41731631075
65.9644,3.4173183883
66.1165,3.41731941766
66.2689,3.41732113611
66.4217,3.41732245243
66.5748,3.41732371157
66.7283,3.41732479173
66.8821,3.41732559297
67.0363,3.41732679222
67.1908,3.41732667687
67.3457,3.41732726875
67.5009,3.41732814012
67.6566,3.41732802908
67.8125,3.41732840191
67.9688,3.41732813497
68.1255,3.41732748827
68.2826,3.4173277118
68.44,3.41732673441
68.5978,3.41732711696
68.7559,3.41732659593
68.9144,3.41732598045
69.0732,3.41732562441
69.2325,3.41732485538
69.3921,3.417324148
69.552,3.41732409698
69.7124,3.41732368897
69.8731,3.41732326052
70.0342,3.41732281873
70.1956,3.41732255303
70.3574,3.41732194911
70.5196,3.41732164312
70.6822,3.41732090779
70.8451,3.41732147747
71.0084,3.41732084312
71.1721,3.41732015018
71.3362,3.41731981029
71.5006,3.41731978079
71.6655,3.41731948337
71.8307,3.41731895073
71.9963,3.41731830418
72.1622,3.41731758601
72.3286,3.41731739785
72.4953,3.41731686606
72.6624,3.41731613133
72.8299,3.4173160815
72.9978,3.41731490013
73.1661,3.41731447107
73.3348,3.41731406234
73.5038,3.417313171
73.6733,3.41731283924
73.8431,3.41731217276
74.0133,3.41731113545
74.1839,3.41731090027
74.3549,3.41731016109
74.5264,3.41730977662
74.6982,3.41730916741
74.8704,3.41730872455
75.0429,3.41730847351
75.2159,3.41730756147
75.3893,3.41730750957
75.5631,3.41730697757
75.7373,3.41730608235
75.9119,3.41730642622
76.0869,3.41730596412
76.2623,3.41730580146
76.4381,3.41730524992
76.6143,3.4173044202
76.7909,3.41730469151
76.9679,3.41730453737
77.1454,3.41730388798
77.3232,3.41730317687
77.5015,3.41730396393
77.6801,3.41730334073
77.8592,3.41730291732
78.0387,3.41730248195
78.2186,3.41730261467
78.3989,3.41730250619
78.5796,3.41730254245
78.7608,3.41730312474
78.9423,3.41730221978
79.1243,3.41730320732
79.3067,3.41730243747
79.4895,3.41730300072
79.6728,3.41730378278
79.8564,3.41730432585
80.0405,3.4173051458
80.225,3.4173066171
80.41,3.41730696963
80.5953,3.41730762375
80.7811,3.41730889366
80.9673,3.41730924735
81.154,3.41731049304
81.3411,3.41731200139
81.5286,3.41731400681
81.7165,3.41731468545
81.9049,3.41731716773
82.0937,3.41731894602
82.283,3.41732001772
82.4726,3.41732074595
82.6628,3.41732225178
82.8533,3.41732476123
83.0443,3.41732581874
83.2357,3.417327125
83.4276,3.417328477
83.6199,3.41733054081
83.8127,3.41733222511
84.0059,3.41733409475
84.1996,3.41733530951
84.3937,3.4173366531
84.5882,3.41733809278
84.7832,3.41733818226
84.9787,3.41734065407
85.1746,3.41734067343
85.3709,3.41734259836
85.5677,3.41734288949
85.765,3.41734361915
85.9627,3.41734546541
86.1608,3.41734451309
86.3595,3.41734520872
86.5585,3.41734724457
86.7581,3.41734659474
86.9581,3.41734693973
87.1585,3.41734741402
87.3594,3.41734714625
87.5608,3.41734875995
87.7627,3.41734727548
87.965,3.41734786728
88.1678,3.41734741354
88.371,3.41734821374
88.5747,3.41734793822
88.7789,3.41734803629
88.9836,3.41734739096
89.1887,3.41734759739
89.3943,3.41734695655
89.6004,3.4173467389
89.8069,3.41734676344
90.014,3.41734631191
90.2215,3.41734577037
90.4294,3.41734641291
90.6379,3.4173454395
90.8469,3.41734449747
91.0563,3.41734493186
91.2662,3.41734369818
91.4766,3.41734447272
91.6874,3.4173430701
91.8988,3.41734229948
92.1107,3.417342996
92.323,3.41734345965
92.5358,3.41734238843
92.7491,3.4173421634
92.9629,3.41734226793
93.1772,3.41734021324
93.392,3.4173409333
93.6073,3.41734055696
93.8231,3.41733961655
94.0394,3.41734074868
94.2562,3.41733917822
94.4735,3.41733767545
94.6913,3.41733834381
94.9095,3.41733726738
95.1283,3.41733749322
95.3476,3.41733824563
95.5674,3.41733824902
95.7877,3.41733637247
96.0085,3.41733625686
96.2299,3.41733607937
96.4517,3.41733537146
96.674,3.41733479591
96.8969,3.41733539804
97.1203,3.41733534654
97.3442,3.41733414337
97.5686,3.41733440382
97.7935,3.41733372638
98.0189,3.41733438069
98.2449,3.41733280882
98.4713,3.41733437085
98.6983,3.4173335673
98.9259,3.41733269825
99.1539,3.41733225138
99.3825,3.41733065388
99.6116,3.41733200968
99.8412,3.41733135857
100.071,3.41733009895
100.302,3.41733187594
100.533,3.41733177527
100.765,3.41733223219
100.997,3.41733041214
101.23,3.41733112603
101.464,3.41733090875
101.697,3.41732924167
101.932,3.41732963474
102.167,3.41732936217
102.402,3.41732864801
102.638,3.41732829942
102.875,3.41732766366
103.112,3.41733041823
103.35,3.41732856024
103.588,3.41732656925
103.827,3.41732836747
104.066,3.41732779423
104.306,3.4173266399
104.547,3.41732706491
104.788,3.41732570377
105.029,3.41732866372
105.271,3.41732684979
105.514,3.41732786204
105.757,3.41732648414
106.001,3.41732467166
106.245,3.41732411958
106.49,3.41732604208
106.736,3.41732773449
106.982,3.41732347297
107.228,3.41732373389
107.476,3.41732552996
107.723,3.41732518637
107.972,3.41732531056
108.221,3.41732461442
108.47,3.41732559436
108.72,3.41732324311
108.971,3.41732338046
109.222,3.41732265337
109.474,3.41732294241
109.726,3.4173236064
109.979,3.41732305192
110.233,3.41732280185
110.487,3.41732274181
110.741,3.41732446314
110.997,3.41732324041
111.253,3.41732341539
111.509,3.41732288084
111.766,3.41732261016
112.024,3.41732074768
112.282,3.41732328707
112.541,3.41732160313
112.8,3.41732374176
113.06,3.41732008472
113.321,3.41732347979
113.582,3.41732030293
113.844,3.41732126302
114.106,3.41732174817
114.369,3.41732128995
114.633,3.41732014244
114.897,3.41732078924
115.162,3.41732000384
115.428,3.41731955165
115.694,3.41732140241
115.96,3.41731978616
116.228,3.41731899316
116.496,3.41731838072
116.764,3.41732147628
117.033,3.41731768795
117.303,3.41731850529
117.574,3.41731774748
117.845,3.41732042592
118.116,3.41731838167
118.389,3.41732081798
118.662,3.41732075473
118.935,3.41731919434
119.209,3.41731751996
119.484,3.41731967529
119.759,3.41731979894
120.036,3.41731838392
120.312,3.41731820329
120.59,3.4173172429
120.868,3.41731647649
121.146,3.41731832276
121.425,3.41731799264
121.705,3.41731664753
121.986,3.4173190137
122.267,3.4173170678
122.549,3.41731633923
122.832,3.41731967297
123.115,3.41731767722
123.398,3.41732026545
123.683,3.41731688421
123.968,3.41731578795
124.254,3.41731867038
124.54,3.41731557498
124.827,3.41731540125
125.115,3.41731529792
125.404,3.41731928966
125.693,3.41731686069
125.982,3.4173194045
126.273,3.41731790956
126.564,3.41731593254
126.856,3.41731777758
127.148,3.41731628921
127.441,3.41732006478
127.735,3.4173181438
128.029,3.41731544979
128.325,3.41731832221
128.62,3.41731631702
128.917,3.41731663093
129.214,3.4173164205
129.512,3.41731655789
129.811,3.41731582616
130.11,3.41731402592
130.41,3.41731469299
130.71,3.41731637747
131.012,3.41731587446
131.314,3.41731695881
131.616,3.41731552196
131.92,3.41731347126
132.224,3.41731565507
132.529,3.41731508221
132.834,3.41731556565
133.14,3.41731356317
133.447,3.41731851471
133.755,3.41731576651
134.063,3.41731833009
134.372,3.41731172228
134.682,3.41731162928
134.993,3.41731471538
135.304,3.41731891587
135.616,3.41731556553
135.928,3.41731595333
136.242,3.41731451058
136.556,3.41731508361
136.871,3.41731472597
137.186,3.41731190319
137.502,3.41731400141
137.819,3.41731586875
138.137,3.4173147586
138.455,3.41731338064
138.775,3.41731372029
139.094,3.41731397221
139.415,3.41731544988
139.737,3.41731209319
140.059,3.41731327074
140.382,3.41731435164
140.705,3.4173120041
141.029,3.41731740416
141.355,3.41731657665
141.68,3.41731219106
142.007,3.41731684256
142.334,3.41731535304
142.663,3.41731206894
142.991,3.41731281548
143.321,3.41731403817
143.651,3.41731211492
143.983,3.41730949211
144.314,3.41731580062
144.647,3.41731374714
144.981,3.41730733939
145.315,3.41731094013
145.65,3.41731178255
145.986,3.41731420153
146.322,3.41731578161
146.659,3.41731291752
146.997,3.41731075975
147.336,3.41731681041
147.676,3.41731445682
148.016,3.41731048239
148.358,3.41731233315
148.7,3.41731227163
149.042,3.41731196817
149.386,3.41731068991
149.73,3.417312755
150.076,3.41730754685
150.421,3.41731437349
150.768,3.41731133667
151.116,3.41730949095
151.464,3.41731629139
151.813,3.41731195192
152.163,3.41730839492
152.514,3.41731323738
152.866,3.41731001844
153.218,3.41731596846
153.571,3.417314281
153.925,3.41731710523
154.28,3.41731116644
154.636,3.41730813673
154.992,3.41731306274
155.35,3.41730980675
155.708,3.41730959353
156.067,3.41731111237
156.426,3.41730918884
156.787,3.41731344244
157.148,3.4173088098
157.511,3.41731049822
157.874,3.41730584969
158.238,3.41730510001
158.602,3.41730827437
158.968,3.41731278413
159.335,3.41731127052
159.702,3.41731152299
160.07,3.41730604519
160.439,3.41731029524
160.809,3.41731223548
161.18,3.41730830711
161.551,3.41730706659
161.923,3.41731791839
162.297,3.41730981279
162.671,3.41730986663
163.046,3.41730576265
163.422,3.41730293171
163.798,3.41731018337
164.176,3.41731665562
164.555,3.41731167053
164.934,3.41731143336
165.314,3.41730738417
165.695,3.41730525201
166.077,3.41731309237
166.46,3.41730994262
166.844,3.41731239232
167.228,3.41730530744
167.614,3.41730557453
168,3.41731210025
168.388,3.41730772493
168.776,3.41730938108
169.165,3.41730845631
169.555,3.41730853344
169.946,3.41730981773
170.337,3.41730854585
170.73,3.4173072797
171.124,3.4173127996
171.518,3.41730503074
171.913,3.41731785734
172.31,3.4173104382
172.707,3.41730726657
173.105,3.41730141109
173.504,3.41731054376
173.904,3.4173124968
174.305,3.41730282403
174.707,3.4173106119
175.11,3.41731352296
175.513,3.41730986951
175.918,3.41730051917
176.323,3.41731170726
176.73,3.41730491632
177.137,3.41730065118
177.546,3.41731234285
177.955,3.41730648481
178.365,3.41730547413
178.776,3.41730452073
179.188,3.41730874289
179.601,3.41730021485
180.015,3.41731056479
180.43,3.41731228533
180.846,3.41731255911
181.263,3.41731154834
181.681,3.41730277472
182.1,3.4173076481
182.52,3.41731101526
182.941,3.41730982775
183.362,3.41731726237
183.785,3.41730774545
184.209,3.41730180108
184.633,3.41730850733
185.059,3.41730860543
185.485,3.41730527704
185.913,3.4173048475
186.342,3.41731109775
186.771,3.41731134628
187.202,3.4173061227
187.633,3.4173089543
188.066,3.41730445296
188.499,3.41731107028
188.934,3.41731657259
189.369,3.41731557559
189.806,3.41731002383
190.244,3.41731771636
190.682,3.41730702565
191.122,3.4173024943
191.562,3.41730585933
192.004,3.4173052647
192.446,3.4173130047
192.89,3.41730892827
193.335,3.41731291781
193.78,3.41730766591
194.227,3.41731989237
194.675,3.41731117278
195.124,3.41731082916
195.573,3.41730453853
196.024,3.41730262332
196.476,3.41730744712
196.929,3.41730649076
197.383,3.41730625296
197.838,3.4173178836
198.294,3.417306975
198.751,3.417310224
199.209,3.41731071318
199.669,3.41730012129
200.129,3.4173094404
200.59,3.417305048
201.053,3.41730280081
201.516,3.41730963991
201.981,3.41730834457
202.446,3.41731185649
202.913,3.41731011086
203.381,3.41729832023
203.85,3.41730111288
204.32,3.41731476839
204.791,3.41730657107
205.263,3.4173026564
205.736,3.41731351474
206.21,3.41730948607
206.685,3.4172988852
207.162,3.41730395084
207.639,3.41730537965
208.118,3.41729782097
208.598,3.41730269109
209.079,3.41731108285
209.561,3.41731474844
210.044,3.417308868
210.528,3.41730987935
211.013,3.41730544894
211.5,3.4172998116
211.987,3.41731677952
212.476,3.41730763439
212.966,3.41731439587
213.457,3.41731081368
213.949,3.41730207441
214.442,3.41730237519
214.936,3.41732097059
215.432,3.41730566777
215.928,3.41729830917
216.426,3.41730900547
216.925,3.41730853966
217.425,3.41731065882
217.926,3.41729765294
218.429,3.41731478528
218.932,3.41732058718
219.437,3.41732360411
219.943,3.41730015528
220.45,3.41731329097
220.958,3.4173008862
221.467,3.41730803981
221.978,3.41731096907
222.49,3.4173022465
223.003,3.41731029762
223.517,3.41730784039
224.032,3.4173180846
224.548,3.41730958594
225.066,3.41730885499
225.585,3.4173110331
226.105,3.41729291423
226.626,3.41731298178
227.149,3.41731807153
227.672,3.41730349543
228.197,3.41731111973
228.723,3.41732221285
229.25,3.41729242806
229.779,3.4173115016
230.308,3.417303776
230.839,3.4173011697
231.372,3.41731523461
231.905,3.41729895712
232.439,3.41730922167
232.975,3.41732588062
233.512,3.41732354246
234.051,3.41729024731
234.59,3.41730103902
235.131,3.41730980359
235.673,3.41730487114
236.216,3.41730589158
236.761,3.41728920689
237.307,3.41730954916
237.854,3.41730680286
238.402,3.41731533941
238.952,3.41732007949
239.502,3.41732268928
240.055,3.41733198282
240.608,3.41731557052
241.163,3.41730833924
241.718,3.41732776046
242.276,3.41730167107
242.834,3.41731347267
243.394,3.41729591512
243.955,3.41731538335
244.517,3.4173150198
245.081,3.41730982953
245.646,3.41729361533
246.212,3.41730221396
246.78,3.41731816515
247.349,3.41729955496
247.919,3.41729880664
248.491,3.41729327404
249.063,3.41728945672
249.638,3.41732976075
250.213,3.41731013314
250.79,3.417293668
251.368,3.417283752
251.947,3.41732149417
252.528,3.41731051459
253.11,3.41730613462
253.694,3.4173285736
254.279,3.41728378861
254.865,3.41730945347
255.452,3.41731899071
256.041,3.41728457731
256.631,3.4173033672
257.223,3.41732058921
257.816,3.41729264385
258.41,3.41729446471
259.006,3.41733182108
259.603,3.41731163788
260.202,3.41730105844
260.801,3.41729471339
261.403,3.41731212877
262.005,3.41731289345
262.609,3.41730990339
263.215,3.41729793755
263.821,3.41732966169
264.429,3.41730538871
265.039,3.41732589502
265.65,3.41732390103
266.262,3.41732089481
266.876,3.41732288445
267.491,3.41732946164
268.108,3.41733593753
268.726,3.41731678728
269.346,3.41730083031
269.967,3.41730582799
270.589,3.41732433571
271.213,3.41732418381
271.838,3.41732663972
272.464,3.41730787447
273.093,3.41733466281
273.722,3.41731493985
274.353,3.41730648299
274.986,3.41732234117
275.619,3.41733938256
276.255,3.41731923368
276.892,3.41729489432
277.53,3.41729028396
278.17,3.41732349818
278.811,3.41731530996
279.454,3.41730598455
280.098,3.41732909627
280.744,3.41731338333
281.391,3.41734408085
282.039,3.4172944332
282.69,3.41730689384
283.341,3.41730661229
283.994,3.41731887987
284.649,3.41730437565
285.305,3.41730514311
285.963,3.41732073259
286.622,3.41731059462
287.283,3.41729234588
287.945,3.41734298139
288.609,3.41732604919
289.274,3.41730937013
289.941,3.41730119653
290.61,3.41730330686
291.279,3.4173086643
291.951,3.41730278694
292.624,3.41734295856
293.299,3.41730503638
293.975,3.41730286545
294.652,3.41731808095
295.332,3.41731686308
296.012,3.41732687709
296.695,3.41729307519
297.379,3.41731114937
298.064,3.41732632027
298.751,3.41730546984
299.44,3.41732140134
300.13,3.41732926471
300.822,3.41726880414
301.516,3.41729840232
302.211,3.41730104906
302.907,3.41729221005
303.606,3.4172722105
304.306,3.41729858064
305.007,3.41729491786
305.71,3.41727764322
306.415,3.41732885996
307.121,3.4173417849
307.829,3.41727258311
308.539,3.4173127065
309.25,3.41736453425
309.963,3.41727349009